Name,B,G
1112603_Cs2HgAsF6,12.440999999999999,9.93188
31169_ScAlAg2,97.1483,24.096999999999998
1112556_CsK2GaF6,37.7321,16.1049
569823_YInAg2,76.3534,12.7547
977578_Zr2TcPd,160.08700000000002,44.3062
862629_ScRh2Pb,139.593,29.5958
972236_V2MoW,239.195,20.4085
10686_Li2CdGe,40.5422,9.37085
1113327_CsRb2YCl6,15.1935,6.39915
1111572_K2TlPdF6,47.5068,14.9556
24154_NbH2,184.11,60.2264
865028_AcTlTe2,41.388999999999996,19.3546
1112983_Cs3AsCl6,14.2388,7.1999699999999995
1114433_Rb2NaAlCl6,21.6335,12.0863
27691_K2PtBr6,12.6396,5.68127
1025460_MgZrF6,96.6239,43.9232
972957_ScTiRu2,180.697,86.0272
866062_HfSiRu2,231.19799999999998,106.904
862360_Sc2NiIr,117.119,53.2313
1111928_K2LiAsF6,51.7684,23.4725
22745_Co9Se8,51.5829,50.9987
755610_Ba6HfO8,73.5022,41.6955
4913_LiGa2Rh,106.04700000000001,24.8802
1113292_Cs2TlHgCl6,25.831,5.34852
862704_ScZn2Pt,148.483,48.648
3736_ZrAlCu2,138.739,44.3103
2154_CeP,81.6071,55.1776
560385_KRb2CoF6,46.0171,22.5901
1066388_K3Re,12.4622,6.94183
22919_AgI,36.2605,11.74
23120_Cs2NaYCl6,18.8901,9.88001
1087_SrS,49.1992,33.8139
1114632_Rb3ScBr6,14.6552,5.75971
865167_Ca2CdPb,79.2545,20.596999999999998
672221_Co21(B3W)2,223.782,122.523
989577_LiTl2GaF6,45.153999999999996,21.5358
1112016_K2ScInI6,12.7227,4.97187
18845_Ba2FeWO6,146.002,87.2282
1113611_K3YI6,9.53802,4.29932
996945_Cs2TlInH6,20.8994,13.9359
1112408_Rb2HgAsF6,10.3866,10.0894
867821_TaTiMn2,211.92,97.8503
1113291_Na2TlAsF6,41.799,14.9126
33018_Rb3Sb,11.4494,6.65373
864623_ZnCuAu2,136.621,38.7516
1111510_Na2CuBiCl6,32.2727,4.32538
996942_Ba6In2NF,26.9287,14.4267
865679_TiSnPd2,149.024,25.2364
867786_ScNbOs2,231.15,123.023
1113520_Cs2ScInBr6,17.6389,6.0849
1111893_Na3GaCl6,23.1253,10.444
865487_VZnRh2,215.317,64.3696
972810_SiTc2W,284.496,91.4642
21683_In2(Ni7P2)3,172.864,54.7855
1113301_Cs2GaHgCl6,24.7326,7.01885
862702_Sc2AgHg,85.6113,24.2098
977563_LiNbIr2,228.065,33.0969
979260_Sc6Ga16Ru7,125.05,57.3112
865001_HfScOs2,205.03799999999998,87.5203
1113887_Na2TlGaF6,49.8277,16.4841
998965_TiInFe2,172.49099999999999,78.89
989548_Rb2NaTlF6,45.0109,22.6264
989522_Mg6Bi2PN,61.8506,35.8579
866141_TiFe2Si,200.365,145.298
1114600_Rb2NaTlI6,12.0555,5.1494800000000005
11734_Sr2MgReO6,136.181,77.919
1113437_Rb2AgAsBr6,23.9877,8.81933
23657_Na6S2ClO8F,37.0156,27.927
1112599_Cs2KAuF6,34.1019,4.95779
1095079_K3AlF6,42.5248,15.3106
974822_Rb3P,13.0121,5.08676
1111586_Na2AlAgBr6,26.3477,7.44355
1057979_IN,94.2672,29.5122
12912_Ba2PrRuO6,141.775,66.1285
1114531_K2RbBiCl6,13.6702,6.602710000000001
862287_BeAlRh2,204.16099999999997,80.7849
867156_ScGaRu2,174.582,76.2584
1079705_Ba2LuTaO6,149.821,90.4203
1282_VC,312.289,166.648
1113322_Na3AsCl6,23.39,9.974219999999999
972241_Ti2ReTc,221.15400000000002,75.7875
1112579_Cs2LiAuF6,39.7353,12.6562
867339_CsK2Bi,11.0344,7.64619
643243_Cs2H6Pt,12.6332,5.81024
1113289_Na2HgSbF6,29.9414,7.30618
864933_Mg2AgRh,89.0312,35.8939
1112625_Cs2KAsCl6,16.3135,8.01994
24237_ScH2,100.525,53.6514
1112941_Cs2AgSbI6,17.7466,6.365530000000001
977324_Ga3(Ni10B3)2,201.024,76.495
977382_Ta2VRu,232.48,81.0088
989574_Cs2NaSrF6,30.6318,12.6252
605034_K2NiF6,37.1731,14.651
554941_KRb2BiF6,36.4669,16.6281
862485_GaCuRh2,228.054,74.92399999999999
12525_Sr2LiReO6,104.12200000000001,55.2843
20481_MnSnPd2,155.695,18.0581
1111666_K2LiMoCl6,26.4026,10.7464
571126_Ti2BRh6,231.248,125.223
3042_K2SiF6,30.1317,12.2325
672259_AlFe2Mo,238.912,84.8484
865507_VSiRu2,262.57099999999997,62.7694
1111193_K2ScTlBr6,16.7753,6.06217
973143_ScZn3,106.792,39.3654
1114678_Rb2TlHgF6,56.5209,14.6572
1114529_Rb2YInI6,12.6476,4.8919999999999995
1113585_Cs2LaAgCl6,22.081999999999997,5.19848
1112682_Cs2LiBiBr6,16.7164,6.982880000000001
1112513_Cs2RbSbF6,31.4157,10.7704
631386_Mg2NbFe,96.9303,23.3229
989537_Cs2TlInF6,39.7077,16.5432
980749_VFeRu2,263.152,56.9602
1112498_Cs2TlBiBr6,15.0062,6.687
1079027_Sr2ZrCoO6,156.711,92.6122
27827_Rb2TiCl6,10.6106,6.1724
1113476_Rb2HgAuF6,57.0356,12.882
1112573_Cs2LiYF6,34.8368,14.3597
1014005_Mn2SiRh,247.637,54.6386
867326_Al2RuRh,201.375,103.35
1110642_Cs2NaGaBr6,16.8203,9.17976
1114456_Rb2NaScF6,47.3396,27.0526
862446_TaAlRu2,243.96,130.46
1958_SrTe,32.7387,21.7871
1114367_Rb2NaPdF6,39.9964,17.0757
1114649_Rb2InGaBr6,16.984,7.47952
1111561_Li2CuAsF6,66.0838,9.5085
21075_HfC,253.63,168.99400000000003
972884_Sc2AlCu,76.3771,38.8314
1112075_K2YAgCl6,25.8939,7.10077
21865_FeCu2Sn,137.264,38.0418
18967_Ba2CoMoO6,138.406,59.8146
23285_CeBi,48.5757,30.776999999999997
1112410_Rb2YCuI6,18.1848,4.23747
1112525_Cs2RbAlCl6,15.8837,5.862080000000001
1114395_Rb2TlInBr6,16.1824,6.647819999999999
1114479_Rb2TlIrF6,40.4928,15.966
21467_TiCo2Sn,145.97899999999998,17.0271
865666_Li2TlAg,32.0013,31.2964
10760_MgSe,61.4281,41.9838
998987_Ti3Ge,130.06799999999998,42.0341
1112132_Cs2RbBiBr6,13.215,5.5802
1114580_Rb2LiTaI6,16.6322,7.430339999999999
550579_ScTa(PbO3)2,163.80100000000002,84.6851
1008610_AuN,179.71099999999998,33.1974
1112463_K2InAgF6,44.742,11.8565
3791_ScCo2Sn,149.882,67.7841
1113444_Cs2TlAgBr6,23.0273,9.161019999999999
1114584_Rb2LiYI6,13.061,6.23225
865165_HfScCo2,142.42700000000002,57.6188
1114340_Na2LiRhF6,59.2537,27.7422
996941_Cs2RbInBr6,13.1712,4.89339
1079855_LiPd7,143.16,34.1613
1114523_Rb2InBiCl6,15.933,7.175039999999999
865020_HfMgIr2,191.00099999999998,63.5774
4771_TiAlCu2,124.805,61.5577
989400_Rb2NaGaF6,46.9965,26.5369
2784_Na2Te,18.7805,11.8696
1112076_K2YAgI6,18.0341,5.5586199999999995
1113354_Cs2CuSbBr6,15.5764,6.10144
23036_K2SeBr6,12.4747,5.27027
1111151_K3YCl6,16.9074,8.16112
865871_Li2ZnAu,34.1087,6.01197
866106_Ba2HgPb,23.8084,17.0617
972237_Tc3H,241.362,41.6236
23301_BiF3,138.131,37.2481
864654_Zn2NiRh,153.674,70.6806
1113044_Cs2KLaCl6,14.4769,7.65412
1111243_K2LiYI6,10.9454,6.13552
862609_ScReTc2,237.988,89.3286
1112333_K2TlAuI6,17.8137,4.53544
1009822_SnC,138.964,36.9923
865866_LiZrPt2,143.142,53.0323
865840_Ti2TcIr,237.343,119.367
1112080_K2TaAgI6,20.666,5.84451
1111027_Na2LiTlF6,58.4727,22.5625
1113657_Rb2GaAuI6,20.6935,8.830960000000001
636599_FeSnRu2,215.262,47.9593
451_ZrB,167.101,53.0632
865174_HfCdRh2,172.085,24.8685
1112318_CsK2InCl6,13.9537,5.4534400000000005
5149_NbAlCo2,195.563,39.1849
973170_ScCdAu2,105.83200000000001,36.5508
1112055_CsK2SbCl6,15.4374,5.54483
582719_Ta6Ni16Ge7,101.81,90.906
1112535_Cs2NaSbF6,36.4776,18.4776
865989_Al2IrRu,216.437,121.66
1113433_Na3ScF6,52.6528,29.6686
1111937_K2HgAuF6,58.1052,11.0607
1114591_Rb2NaInI6,13.3533,4.431830000000001
865025_HfTaRe2,256.312,97.6712
866375_TiFe2Ge,214.895,118.84700000000001
865717_Ti2ReIr,242.94400000000002,131.475
30774_MgNi2Sn,117.90100000000001,49.4532
22905_LiCl,34.7475,21.2365
1138_LiF,39.9127,51.4896
1111128_K2NaInCl6,19.8855,9.00569
345_HfB,178.40099999999998,37.4695
1114662_Rb2NaScBr6,18.0553,6.9744600000000005
864761_Ta2MnOs,265.031,94.4411
977390_Ta3Ru,222.202,74.596
1112170_KInCl3,17.7907,7.194889999999999
600536_NaMoF6,28.2789,16.3389
977383_ZnPd2Au,140.785,36.7189
1112409_Rb2HgBiF6,30.8632,11.2776
1114130_Na2TlCuF6,41.2011,21.093000000000004
1113022_Cs2LiBiF6,37.1808,13.74
1112090_K2AgSbI6,18.2265,6.22564
1112418_K2SbAuBr6,26.0817,4.37236
1114595_Rb2NaSbBr6,14.3748,7.331869999999999
1112652_Cs3LaCl6,12.613,6.21199
3909_ZrAlCo2,184.045,70.3724
1112789_Cs2KBiBr6,14.134,6.24739
1113867_Rb2AlAgCl6,27.2426,10.2686
16524_ScAlPd2,135.387,38.9152
573697_CsCl,11.9989,7.13076
867273_Be2CuIr,141.594,76.6003
1112013_Cs2NaRuF6,39.4958,24.0634
867327_Hf2TcRu,197.342,70.9215
1113016_Cs2LiInF6,42.5761,15.7255
865506_VSiOs2,305.881,104.684
1111174_K3MoCl6,19.839000000000002,5.64992
971763_ZnSb3,65.1894,47.8413
568662_BaCl2,29.0997,11.7298
20363_LiGa2Pt,114.166,62.1616
30765_LiPt7,212.99400000000003,104.616
1114527_Rb2YInBr6,14.4931,5.85361
1112487_Cs2TlRhF6,34.6623,18.81
977115_NaSrHg2,21.1204,9.26649
974458_Re3F,284.002,50.7795
1113903_Na2LiScCl6,26.3921,10.5626
865652_TiMn2Si,224.18,108.50299999999999
1078758_Sr2NiRuO6,127.072,43.1099
1111297_K3YF6,35.1694,18.1494
1114157_Na2CuBiF6,56.8453,6.705889999999999
1114339_Na2LiPdF6,54.5012,4.4551099999999995
864764_Ta2FeOs,268.461,56.3109
1113387_Rb2ScHgCl6,21.7151,4.772819999999999
973141_ScCdCu2,71.7291,51.8986
1009533_PdC,221.34900000000002,29.4465
989550_Rb2TlInCl6,18.5504,6.95984
1113798_Rb2AgBiF6,44.446000000000005,12.3147
19403_Ba2CaMoO6,83.7492,63.3521
1113481_Cs2InCuBr6,16.0055,13.0692
861978_Hf2ReIr,215.896,104.807
866087_MgSiRh2,183.21599999999998,57.4836
13175_PtN,248.173,43.5764
1112131_Cs2RbAsI6,10.2071,4.37514
2612_GeTe,51.6743,31.7501
1114599_Rb2NaTaI6,14.7155,6.27565
1114510_KRb2AsI6,11.0537,4.573919999999999
867768_ScZnPt2,153.61700000000002,55.7932
999208_Sc2MnSi,118.212,38.0166
12305_Sc11Os4,105.461,29.0712
631420_CaRe2Si,166.957,55.9109
1112270_CsK2SbF6,31.3673,12.5326
977434_Nb3Ru,212.136,70.0943
867233_Sc2ZnIr,120.124,57.0965
559712_Rb2NaCoF6,66.1308,28.351
864908_MgTiIr2,203.297,99.9935
542830_Mn23C6,316.885,127.45700000000001
865728_Ti2ReNi,192.054,87.7858
1112687_Cs2KYI6,10.7775,4.69672
16341_Li2HgGe,41.6468,26.6741
574653_Cs2LiIr(CN)6,26.346999999999998,6.78172
1112007_Cs2RbAsCl6,16.9188,7.480860000000001
1111002_Rb2ScHgF6,26.1314,7.5377600000000005
1114062_Na2AlHgF6,48.7548,11.8153
1114374_Rb3GaF6,39.4192,8.331430000000001
1112309_CsK2ScCl6,16.0861,7.72784
1112589_Cs2HgPdF6,47.4193,16.5832
20521_ScInPt2,143.937,36.0425
1113699_Rb2TlAgI6,16.3281,5.01967
640345_Cs2MnFe(CN)6,47.7221,35.5237
865376_YMg3,39.6833,31.9046
1018074_GaFeNi2,196.981,40.9754
981247_Zn7Sb8Ru9,125.295,67.0239
1111240_K2NaAsBr6,16.5004,8.41107
1113040_Cs2KMoI6,12.4482,4.7043099999999995
1113617_Rb2TaAgCl6,28.2614,3.99188
865655_TiNbTc2,228.303,97.7512
1113622_Cs2AgIrF6,44.6595,16.203
865805_TaZnCo2,201.833,44.6045
1113006_Cs2LiSbF6,35.165,15.1129
10898_ScAlNi2,154.928,37.1046
6059_Cs2KYF6,30.3353,17.2314
1062345_Li2N,64.6293,49.4623
861507_ScAlIr2,205.31799999999998,108.04899999999999
981377_V2ReTc,273.561,133.616
865780_TiMn2Ga,138.71,70.6785
864672_NbSiTc2,248.83599999999998,71.1126
22916_NaBr,21.0674,11.6921
1114579_Rb2LiTaCl6,25.0464,8.25135
867168_Sr2SbAu,38.0758,23.3419
930_ZrP,141.352,23.7543
579_CrC,335.31300000000005,187.847
1111540_Na2AgAuF6,61.7945,13.7637
865577_Li2CdAu,49.869,4.2521
1113091_Cs2InSbF6,32.6033,13.1783
19971_ZnCo2Ge,185.685,36.711999999999996
12644_Ba2LuNbO6,122.89,88.1583
1114381_Rb3YF6,29.927,16.4472
1113305_Cs2HgAuBr6,25.8903,5.245769999999999
1500_BaS,41.5599,25.9961
865517_YZnRh2,123.66,15.1978
1112064_K2SbAuI6,21.0357,5.7682
981312_ZrCu2Hg,128.644,49.966
1095155_Sr2NiIrO6,83.1056,40.0943
865582_Li2CdPd,52.6794,31.0453
1113338_Rb2ScAgCl6,27.7596,8.83496
1113094_Cs2InSbBr6,16.3213,7.3939
1111028_Na2LiYF6,50.0189,22.8761
1111111_K2LiAuF6,48.0534,11.3132
865640_TiGeRu2,232.355,105.134
1114387_Rb2InAsF6,42.7722,13.2625
867112_AcInTe2,41.5436,17.0549
1114647_Rb2YHgCl6,20.008,4.765
1112608_Cs2KSbF6,37.4025,15.8186
1113483_Na3TlI6,12.8999,4.39772
977138_NaTc3,188.50099999999998,70.2345
8426_K2Se,15.8426,8.406369999999999
1113536_Cs2TlAuCl6,24.8436,10.0861
21084_In6Ga2PtO8,133.07299999999998,56.2372
977550_ZrScOs2,191.83599999999998,73.0963
1111269_K2TlInI6,12.4431,4.75596
1111656_K2LiYBr6,18.0587,8.23752
1008376_CeH3,80.4406,23.2883
1112961_CsInCl3,17.08,6.23607
4583_NbCo2Sn,187.653,27.1636
1111188_Na2GaAgI6,20.9299,5.60958
862911_Ti2CoTc,194.63400000000001,103.751
24841_CoTe(PbO3)2,132.754,63.6194
31208_LiIn2Ir,106.79799999999999,28.7153
1111211_K2RbInBr6,13.5184,5.17734
972898_Sc2GaAu,97.5756,24.4996
16307_Sr2MgIrO6,124.87700000000001,72.9424
12801_CoCu2Sn,141.89,33.1928
1113492_Cs3YF6,25.3614,14.1269
23475_Rb2PbCl6,9.587810000000001,4.02921
1113300_Cs2InHgBr6,21.8124,5.13154
864939_Hf2CuIr,188.02700000000002,31.3334
1112894_Cs2InAsCl6,19.5777,8.64119
865140_MnGaRu2,238.58900000000003,95.8483
989504_Na2LiNF6,66.5728,33.7206
1111652_K2NaAlCl6,22.4651,11.9779
24412_K2NaAlH6,27.1098,22.0694
1111051_Na2AlTlF6,44.5146,17.0211
973203_Sb3Mo,104.478,81.5578
1113427_CsRb2AsF6,35.6237,14.1535
1114490_Rb3AlF6,41.7955,15.395999999999999
23209_SrCl2,34.218,14.1887
1008918_CdN,120.697,29.6443
977575_MgSbRu2,172.861,91.5852
867148_LiHfRh2,151.442,63.1863
30658_VGaNi2,179.755,56.1499
1113376_Rb2AgAsCl6,25.5107,9.723410000000001
1113543_Cs2AgAsCl6,26.0918,8.60495
862725_ScTc2W,225.263,88.1996
2493_CeN,156.316,81.0366
980649_TiNbRu2,222.517,87.0131
1112121_Cs2RbSbBr6,13.2275,5.62436
1113317_Na2LiSbCl6,22.9108,8.240969999999999
973353_SbPt3,183.52900000000002,26.8541
1078988_Mg7V,47.2747,16.9489
1112105_Cs2TlSbI6,12.1256,5.73832
2863_CeCd3,56.4407,22.8386
30595_CuSnRh2,151.465,63.8114
1114577_Rb2LiSbI6,14.6036,6.148630000000001
19282_Sr2ZnWO6,143.30100000000002,65.407
644481_ScO,173.93900000000002,64.0492
1114429_Rb2LiScCl6,21.1693,8.77848
2746_MoC,347.529,238.87
1111374_K3SbCl6,17.9553,7.26932
977353_Ta2ReMo,267.23900000000003,137.366
1079096_Cs2NaLaBr6,14.462,6.52171
1111587_K2TlAsF6,46.7242,17.98
1112960_CsInF3,36.3887,14.4835
10887_HfAlCu2,130.8,49.2664
555491_ZrCoF6,94.4264,40.2157
1114482_Rb2TlRhF6,44.3679,16.4531
1114386_Rb2AlInF6,45.6185,14.9232
1112988_Cs2NaGaCl6,19.0472,9.93643
24292_Sr2H6Ru,50.16,32.4096
866183_Ti2ZnRe,169.771,53.0534
867807_LiYTl2,42.1047,24.7531
1113614_Cs2AlAgF6,44.4503,14.0585
1114552_K2RbTaCl6,19.0571,7.034960000000001
1111210_K2RbSbBr6,13.7291,5.1641699999999995
867922_ScAlRh2,171.13400000000001,87.2197
1114056_Na2GaHgCl6,27.7866,4.45476
22862_NaCl,23.8895,15.2294
1113059_Cs2KAlCl6,16.3979,8.35196
22441_Ba2MgReO6,123.285,76.7535
1110631_Rb2NaGaBr6,17.4047,9.00688
861735_AcMgTl2,42.2238,4.33674
1112209_K2AlHgF6,44.1517,12.6908
2291_Si2Ni,131.36,31.2094
989541_Rb2NaSbF6,43.5117,20.1858
1113661_Rb2SbAuBr6,25.8951,4.34545
1002165_GeC,175.68,122.26799999999999
972048_Zn6Mo,92.5071,40.2451
1114351_K2RbMoCl6,19.0597,9.762080000000001
1113877_Rb2YAgF6,40.4212,12.5646
1112563_Cs2TlSbF6,35.6488,15.0366
1079436_NaV(NF3)2,49.0588,15.376
5033_Tl2SiF6,35.5296,6.83015
982595_Na3Re,26.5365,9.16713
1114685_Rb2TiTlF6,44.1257,18.329
1114376_Rb3RhF6,33.5437,11.2779
631316_Li2GaSb,36.4003,31.2007
1111547_NaLi2RuF6,55.2338,23.238000000000003
20194_CeO2,181.845,77.0181
977556_MgScCd2,59.8381,38.1429
1111153_K3YBr6,12.9963,6.0826400000000005
644500_Zn7Mo,95.85,31.4789
1114057_Na2GaHgF6,49.5471,13.9869
1111106_K2NaGaF6,48.1254,29.5657
1112317_CsK2InF6,31.6029,14.6391
862683_Ac2GaCu,53.8993,12.3879
864927_Hf2ReOs,223.898,95.9929
864640_Ta2NbIr,240.475,109.48200000000001
865678_TiMn2V,218.732,107.133
30395_ScInAu2,112.133,21.2843
867144_CaMgHg2,43.952,25.4835
1111918_K2NaMoCl6,23.8094,6.42146
1112192_K2YHgF6,33.8177,11.2389
1114457_Rb2NaScI6,13.5843,4.9806
1112188_K2AlInF6,48.6146,9.021510000000001
1096926_Cs2InAgCl6,25.5568,8.25302
1112110_Cs2TlGaI6,12.5431,5.34397
989529_KRb2InCl6,16.3479,7.77968
866164_YMgHg2,65.5403,26.6984
977367_CdInRh2,145.967,55.7598
2388_CdTe,47.1759,16.4798
1111254_K2LiMoI6,17.6725,6.49925
1112193_K2YHgCl6,20.4968,4.57498
866165_YMgRh2,103.53299999999999,47.243
997616_BaC,37.7317,4.04186
1113413_CsRb2BiF6,29.3824,12.616
864906_MgSnIr2,181.345,73.66
866166_Y2PdRu,101.837,37.5901
865554_Mn2VGe,231.65,113.579
865877_Ti2RePt,221.27200000000002,36.4259
556353_Rb2NaNiF6,43.0472,26.8482
1114542_K2RbMoBr6,17.1556,4.82634
25099_Sr2Ni(NO2)6,93.527,28.5891
1111122_K2YTlF6,35.5879,15.661
999495_Na3N,24.7608,4.19953
1111496_K3BiI6,10.8626,4.0902400000000005
864902_MgTlRh2,124.023,42.7114
7473_LiCu2Si,91.3859,29.8162
1080123_Ba2LaIrO6,128.218,48.7743
1078303_Ba2YOsO6,143.889,74.428
862546_Sc2AlRu,114.11,43.9249
1111242_K2LiTlBr6,17.6246,7.418139999999999
1112607_Cs2YHgF6,33.5201,11.5417
1114420_Rb2LiIrF6,44.3188,22.2269
1112710_Cs2KScI6,10.9965,4.9349099999999995
1114487_RbInI3,12.8793,5.41846
1113621_Cs2AlAgCl6,25.8049,6.92183
1112628_Cs2YInCl6,17.9395,7.0754
989642_Cs2NaAlH6,23.3541,17.2446
30570_CrGaFe2,227.27700000000002,74.7948
23067_K2PdCl6,13.0453,6.74874
1113944_KNa2TiF6,40.9799,15.0336
567097_LiCu2Ge,66.9907,28.8331
1113024_Cs2LiBiCl6,19.1765,8.39166
866218_Ti2MnRh,187.727,93.9476
977409_NbTc2Ge,236.261,84.8489
865093_TiZnNi2,172.449,25.4842
1113434_Na2ScCuCl6,36.4954,6.96852
1111498_K3AuF6,37.5799,4.18816
29481_Rb2WBr6,11.63,5.55063
10688_CeO,149.52200000000002,65.2347
1114646_Rb2TlHgCl6,26.3014,5.1669
6798_Ba2NaReO6,77.9624,49.2804
865935_Li2MgSn,35.4028,18.9298
1111489_K3InF6,39.9149,19.2396
865469_Ti2MnRu,204.69799999999998,76.0529
1111060_KNa2AlF6,47.2351,22.0221
1018013_Ti2InNi,122.62799999999999,11.1932
1008275_Cr3Ni,233.081,41.6967
1111076_Li3GaF6,69.1737,32.9163
23251_KBr,11.3183,7.94457
1112925_Cs2GaAuI6,19.3517,9.061060000000001
1112783_Cs2KGaI6,10.7163,4.49907
1078203_CsTlF3,39.4175,13.9705
1112620_Cs2InAuCl6,29.4124,11.4877
1112441_K2YAgF6,41.3434,11.8757
22922_AgCl,42.6523,8.501610000000001
1114503_Rb3TiF6,36.8715,12.5869
1112027_K2TlHgCl6,26.8541,4.6756400000000005
1114539_KRb2InBr6,14.7026,6.31358
1078205_KRb2InF6,38.6825,12.9405
1113302_Cs2GaHgBr6,22.7139,5.93065
864857_NbZnCo2,193.856,39.7191
1113518_Cs2ScInF6,36.1848,16.5745
980665_Zn2CuIr,155.97,35.1841
1111236_K2NaBiI6,12.3446,5.438
1009755_Ca2Ge,34.5713,24.9554
6586_K2NaAlF6,45.6633,29.1674
989533_NaTl2InF6,50.8747,21.3913
1112078_K2TlAgI6,16.6916,5.99876
1113280_Cs2AlInCl6,20.2077,8.38725
24411_K2LiAlH6,30.726,23.4824
864807_HfZnNi2,144.918,22.5923
1111642_Na3SbF6,45.6358,20.1379
1153_Li2S,41.8763,33.1104
1078410_Ba2ZnTeO6,119.508,57.3865
865095_NaGaH8(NF3)2,44.4619,14.4286
862364_Sc2OsPt,161.717,62.8782
1112903_Cs2GaHgI6,17.9315,5.72551
989560_Cs2TlSiH6,18.8447,6.44837
644281_Mg7TiH16,62.5588,33.7251
16494_AlCrCu2,166.797,44.9419
1112546_K2InGaF6,36.2949,9.26924
976943_NaRe3,240.764,103.649
1113941_Na2LiBiF6,52.8514,19.7054
1111958_K2HgIrF6,13.4688,14.7742
989404_Ca6In2NF,97.0429,21.1681
1266_Na2Se,24.9835,15.6148
1113068_Cs2ScInI6,11.3389,5.5438
977360_AcF3,121.132,45.5505
8224_CaSnF6,62.2661,30.9714
989531_Cs2KGaF6,40.4881,19.8476
1114583_Rb2LiYCl6,21.5776,9.49515
1113940_Na2LiBiBr6,17.581,6.94867
866173_Y2RuRh,120.679,43.2722
865931_Ti2TcPd,180.424,65.7879
1794_BeO,249.99099999999999,190.39700000000002
1114585_Rb2NaBiBr6,14.4975,7.29253
972323_TaNbTc2,254.71200000000002,111.569
10008_Ca7Ge,21.2216,10.8783
864670_Ta2VOs,251.64700000000002,90.4926
2637_YSe,77.6776,18.4861
571386_CuCl,53.77,5.3087
1112477_K2AgBiBr6,22.5503,6.70931
989605_Cs2RbInF6,31.7751,11.8214
14088_Rb2PdF6,19.8544,11.2411
864969_Mg2PdRh,112.58200000000001,51.1611
1112900_Cs2TlHgBr6,20.9417,5.7352
1113556_Rb2YAgBr6,21.2019,6.855589999999999
1112111_Cs2AlTlI6,12.520999999999999,5.62482
1113293_Cs2TlHgF6,55.408,15.1711
1113294_Cs2ScHgCl6,22.1029,4.76809
2795_ZrC,236.695,175.755
1111231_K2NaInI6,13.2327,5.74195
8772_ScB12,218.56,134.35
862710_Sc2CdTc,105.439,36.2358
1078950_ReTc(SnO3)2,193.63,14.6311
30080_Li2GePd,64.8757,16.7364
1113551_Rb2InHgI6,17.212,4.38885
541047_ZrAlPd2,152.364,49.9821
1114693_Rb3ScF6,40.5883,11.7101
1111246_K2LiSbBr6,16.1427,7.606730000000001
1112891_Cs2InAsI6,13.2756,7.645560000000001
1112924_Cs2InAuBr6,26.4807,9.366019999999999
977356_ZnGaIr2,230.514,58.4481
1111589_K2TlAsBr6,16.9212,7.37372
866132_Na2TlSb,25.3301,20.5602
643002_Mg2H6Os,78.9838,54.6206
865904_BeSiIr2,272.103,116.041
861918_Sc2TlCd,65.987,38.8913
1112181_K2InSbF6,38.7061,13.3925
1113332_Cs2TlCuCl6,15.334000000000001,9.5856
31363_K2TaCl6,12.6515,7.11482
976122_Ge3Sb,66.7515,38.7602
1114596_Rb2NaSbI6,12.0114,5.55539
862340_Sc2GaCu,80.8792,44.181000000000004
1112632_Cs2AsAuBr6,26.5047,5.41209
972966_Sc2OsAu,138.664,53.5575
2748_CeAs,70.1969,48.3731
697038_Ba2H6Ru,42.2193,21.3908
1112014_Cs2NaIrF6,37.3522,20.6112
977425_Ta2CrRu,247.551,114.042
1111950_K2AgRhF6,53.6016,17.9876
989542_Ba6Tl2NCl,23.0936,14.2639
20211_Mn3Si,265.282,59.5764
545603_Ba2BiSbO6,122.596,63.7152
865049_HfMgPd2,132.874,43.0886
1111597_K2RbScBr6,14.7643,5.28095
1111192_Na2AgAsBr6,25.2966,7.8316300000000005
862740_Sr2TlCd,23.2009,15.8864
1112213_K2YCuI6,17.7169,4.2512300000000005
867208_Sr2LiIn,22.9992,8.06382
1883_SnTe,41.2661,30.211
20962_Ni23B6,89.4197,83.8277
22503_ZrCo2Sn,161.082,39.9046
1114486_RbInCl3,17.5577,7.5404100000000005
1112938_Cs2ScAgI6,19.5714,6.28037
865713_Li2TlBi,31.1681,12.0587
999396_Nb3Ni,178.419,72.3675
16495_AlCrFe2,223.114,101.5
864897_Zr2CuOs,149.44299999999998,46.0089
1114518_Rb2YHgBr6,16.7887,4.18268
1367_Mg2Si,55.415,45.6903
574025_HfInAu2,135.03799999999998,30.596
1111166_K3SbBr6,14.5207,5.89663
11519_NiSnRh2,193.054,48.6848
571102_TlI,14.334000000000001,7.4634100000000005
1062620_Sr2Ir,38.8105,16.6676
1113281_Cs2AlInBr6,17.0021,7.3145
1113749_Rb2AgIrF6,45.8881,17.1091
11293_ZrCdCu2,116.977,51.5887
1525_CeTe,56.935,33.8673
1113583_Cs2GaAgF6,43.5642,14.7576
1114502_Rb3SbBr6,13.3397,5.456930000000001
3574_MnAlCu2,165.782,59.6351
1111206_K2RbSbCl6,17.5266,6.54133
4536_ScNi2Sn,141.32,55.8537
23295_RbCl,13.0613,8.65588
18992_Ba2MnTeO6,121.80799999999999,75.2559
1080017_Cs2NaLaCl6,16.7776,8.46115
1111016_Rb2HgRhF6,37.8656,16.0548
1111952_Cs2AlTlF6,47.0396,18.0624
865792_BeSiNi2,157.14600000000002,87.1753
1111562_Li2AgAsF6,49.6745,9.25212
982725_Nb2RuW,233.472,106.07799999999999
1112129_Cs2RbBiCl6,13.7969,6.6353
1111137_K2TlGaBr6,17.4515,6.3884099999999995
1112507_Cs2RbYI6,9.94431,4.20552
24722_HRh,229.27900000000002,59.8304
22975_Rb2TeCl6,10.5462,5.8313
30758_Li2MgPb,30.3563,18.4783
866171_YMgAu2,87.5564,26.1034
1114660_Rb2NaAsBr6,15.8714,8.153319999999999
867262_ScTc3,212.905,90.8394
1112503_Cs2TlAsF6,42.473,16.3899
1513_Co9S8,129.904,59.3763
1112542_CsTlI3,11.9527,4.53678
1008786_MgTe,47.9032,29.7342
1112889_Cs2InBiCl6,15.6899,7.246230000000001
865680_TiSiOs2,291.339,132.42
865280_NbAlFe2,219.99099999999999,127.887
1112195_K2HgSbF6,12.1418,9.60993
1113625_Rb2ScAgF6,46.5275,14.9796
1111054_Na2LiAuF6,52.6594,4.74883
1111055_Na2LiAsF6,56.0511,24.8825
20958_Ba2LaReO6,126.766,41.166000000000004
865979_AcMgCd2,42.4671,16.6509
568560_TlBr,17.1481,7.602060000000001
1112230_K2LaCuCl6,29.0646,4.1607199999999995
977283_MgRe3,261.45,41.6557
1112184_K2InGaBr6,17.0435,7.94752
1113504_Na3SbBr6,16.5,7.1486
865603_Y2IrRh,119.03,44.9985
549970_Ba2ZnReO6,120.321,61.5426
23383_Rb2TeBr6,10.1461,4.49942
865895_GaGeRu2,224.542,56.0163
866033_AlZnRh2,186.365,69.8357
23950_K(BH)3,13.4948,7.30253
865519_YTaRu2,178.155,75.8888
989514_Cs2NaSbCl6,17.5036,8.90817
16180_Na6S2O9,39.6302,24.4687
1111909_K2RbRhF6,34.3119,20.9992
989516_Cs2ICl6F,15.5594,6.1282
1113658_Rb2InAuBr6,26.9435,8.68026
23499_K2SnCl6,13.8664,6.07759
1114430_Rb2LiTaBr6,20.6479,9.68163
16497_ScAlCu2,103.869,43.8716
1111262_Li2ScCuCl6,38.0289,7.37922
865525_YCdHg2,60.2736,16.7077
19400_Sr2NiWO6,146.483,47.638999999999996
10899_AlVNi2,180.05,63.2939
30661_ScGaPd2,133.495,38.1532
20724_Mg2Pb,36.218,11.9805
19006_MnO,255.579,74.0111
976265_Hf2OsPd,191.558,52.4838
865442_TiAlOs2,248.734,94.6387
1111624_K2NaSbCl6,20.0405,9.14718
28110_Rb2PtI6,11.165999999999999,4.0981
1110632_Rb2InAsBr6,17.9255,6.567419999999999
1091394_Ba2NaIO6,82.5084,49.2444
865472_VSiTc2,261.147,93.8212
972204_V2MoRu,243.85299999999998,96.7185
1007854_FeNi3,215.734,57.7351
1112148_Cs2NaMoI6,14.5693,6.24495
1112133_Cs2RbAlI6,10.5296,4.29255
1113560_Rb2ScCuCl6,27.7645,4.44187
1253_BaSe,35.6188,22.2962
1114506_RbTlCl3,19.285999999999998,7.49768
972869_Sc2GaPt,107.855,38.3434
972882_Sc2CdAg,78.046,36.1114
571124_Cs2KScCl6,19.2818,10.1347
541940_Cr6Si7Ni16,99.2903,85.4714
1111599_K2RbInF6,37.2559,17.7952
2083_Sn2Ir,118.31299999999999,33.7661
1114383_RbTlI3,11.9078,4.38804
1112606_Cs3BiF6,28.1693,12.7837
22610_Mn2SnW,235.19,101.709
1111564_Li2AlAgF6,55.573,9.25002
1113396_CsRb2SbCl6,13.6023,6.3265199999999995
1112485_Cs2ScTlF6,36.3681,18.5028
1111219_K2NaYBr6,16.3353,7.8285100000000005
1113414_Cs2InAuI6,20.3407,8.89869
867253_LiZn2Ir,118.896,53.721000000000004
31187_TiAlFe2,219.708,73.5354
1111528_Na2AgPdF6,63.9569,14.9253
542739_Co21(SnB3)2,221.68400000000003,106.22399999999999
1112901_Cs2InHgI6,17.2547,4.7007
1080652_Se(NCl3)2,26.7371,5.42526
23513_K2PtCl6,15.105,6.955489999999999
1111178_K3AsI6,11.0465,4.18277
1113946_KNa2SbF6,38.2896,15.3878
1113484_Na3YBr6,17.1249,7.483230000000001
27826_K2MoCl6,14.1173,8.29553
19946_YInCu2,104.6,14.8761
865520_YCdPd2,91.4815,22.8351
864896_Zr2CoTc,166.356,71.1487
989535_Cs2AlInH6,24.1099,15.9996
1113449_Rb2TlAuBr6,22.299,5.70664
1113042_Cs2KMoCl6,17.9665,7.20603
1112108_Cs2TlSbBr6,15.243,6.86953
1113701_Rb2YAgI6,17.6222,5.6274
623453_MnGa2Co,95.5483,78.7785
1111213_K2RbGaBr6,14.8565,5.38761
1111079_K3ScF6,36.211999999999996,21.5433
24287_CrH,246.67,97.8527
24289_HPd,177.13299999999998,24.936
1009548_PdN,201.692,48.7076
13799_K2NaYF6,44.1631,22.0716
1062676_K2Pt,15.9006,7.93623
1112716_Cs2KSbCl6,16.0074,8.08918
865485_V2CrOs,268.035,146.631
1114638_Rb3YCl6,15.8989,7.62038
864684_Hf2MoIr,192.554,74.2142
1080730_Sr2ZrMnO6,171.753,93.007
1113043_Cs2KMoBr6,17.0677,8.36326
1111613_K2RbAlCl6,16.9252,7.03706
977440_LiTiPt2,152.975,25.6209
1111912_K2RbIrF6,38.2022,18.1043
864798_HfZnIr2,209.56900000000002,67.3711
1112935_Cs2TaAgI6,19.4434,5.76777
977438_MgInRh2,138.584,56.1233
3576_HfGaCo2,177.77700000000002,71.586
1111239_K2NaBiCl6,18.1221,8.78093
865892_Li2CaPb,21.1008,14.134
1084_ZrB12,235.264,216.804
28145_Rb2PdCl6,15.5496,6.725910000000001
1078490_Sc(NF2)3,95.3486,5.2243900000000005
861960_CaInAu2,72.83800000000001,18.6933
977567_Hf2CuRe,187.537,43.7801
1078887_Sr2MnNbO6,175.37599999999998,103.305
1112929_Cs2AsAuI6,21.559,6.69137
559695_Cs2RbBiF6,31.4074,15.1791
571222_CsBr,9.197610000000001,5.97281
1111114_K2RbScF6,39.485,19.3665
1111538_Na2AgSbCl6,26.7944,6.4176
1112240_CsK2YF6,27.1606,13.299000000000001
1112200_K2InHgCl6,25.7447,5.1443
983586_Ac2SiHg,50.7474,13.7617
672191_CeInAg2,17.9958,25.677
979283_V3Cu,139.749,67.9896
1112647_Cs3TlBr6,12.0739,4.63577
864651_Ta2NbRu,229.489,85.3947
1113497_Rb2InAuCl6,30.4744,10.7144
1111095_NaLi2RhF6,54.9058,27.4377
1113390_Cs2ScAuCl6,27.1513,3.99214
1112100_K2AgBiI6,18.2843,5.90649
1111749_Na2TlAgF6,56.2552,8.03912
1111112_K2LiGaF6,41.8243,29.3253
978265_Mg2ZnPd,57.5776,17.7741
22186_In6Ge2PtO9,124.38799999999999,53.4626
1114605_Rb2TlAsI6,13.0101,6.18002
862815_LiScAu2,90.3313,32.4371
865659_Y2ZnIr,91.6963,22.4766
1112476_K2AgBiCl6,24.3875,7.5060899999999995
1111932_K2LiScCl6,23.9165,10.7552
972205_V2MoOs,268.392,120.275
1114702_Rb2LiScF6,46.0964,24.0169
989639_Cs2KInF6,35.208,18.4614
10759_GeSe,58.2081,46.3461
865888_TiSnRu2,208.297,90.1017
978856_SrH3,46.4469,21.0006
569639_TlCl,18.6537,8.51694
977363_Ta2TcMo,248.481,107.0
1114459_Rb2NaTaF6,42.6944,8.3308
1113859_Rb2GaAgBr6,25.2113,9.74274
1112010_K2CuAuF6,46.4864,22.3082
16501_HfAlPd2,159.17600000000002,50.1875
11523_Ni3Sn,170.791,52.6249
865050_HfMgRh2,166.123,79.7695
867748_ScSnRu2,177.213,59.0829
1113961_KNa2AsF6,39.9126,17.8841
631406_ScTl2W,102.31,32.7266
1111497_K3BiCl6,14.4832,7.229189999999999
1111057_KNa2RuF6,44.148999999999994,20.5685
1112480_K2AgAsCl6,26.7781,9.37428
867239_Ce2AgPb,50.4396,10.4965
1079236_ReTc(PbO3)2,190.18900000000002,23.956
16349_LiNi2Ge,128.408,30.6047
1008785_RuO2,297.938,196.928
1111926_K2LiIrF6,51.2815,22.7148
971836_Zn2NiIr,164.875,65.8116
567465_TlC,81.3827,53.687
24084_KH,14.4121,10.7365
984720_Ba2AgSb,28.5054,18.0859
1111052_RbNa2GaF6,46.7609,18.7062
865930_TiZnCu2,145.096,60.1446
1112225_Rb2InHgF6,38.3681,13.7668
4595_VFe2Si,239.851,88.1631
980948_SrCaIn2,323.214,24.0452
1112168_K2TlCuF6,35.169000000000004,20.7046
865912_LiZn2Rh,105.46799999999999,50.3629
25013_Ba2MnMoO6,166.208,90.4788
865531_TiMn2Al,185.525,61.6966
11335_BeSe,89.3167,46.9663
865155_MgAlRh2,156.24,69.9388
865026_Mn2VSi,258.08799999999997,122.213
647903_Ba2LuSbO6,50.1392,11.8745
1112500_Cs2TlAuBr6,21.5393,5.898540000000001
1114525_Rb2InSbCl6,19.0561,7.482410000000001
973153_ScAlPt2,162.097,41.1549
11490_Li2ZnSn,34.8037,13.4523
865650_Ti2TcRu,214.79,91.2077
1006112_Na3Co,61.941,7.82879
1112191_K2AlInBr6,17.5536,6.59512
867781_TaGaRu2,240.053,101.37299999999999
6933_MnN,340.161,63.4413
864921_MgZrIr2,182.003,70.5755
1111567_K2ScTlF6,45.1283,18.8859
11327_Rb2Se,13.1509,6.8973
1113834_Rb2TlCuF6,31.4067,24.7851
1111971_CsK2TlF6,32.4902,13.3905
863692_CsMn(CN)3,72.8257,30.4827
1113606_CsRb2GaBr6,13.9299,4.35478
866012_Hf2ZnRe,166.68,64.4079
862337_Sc2InAg,80.18,27.4648
14036_KRb2RhF6,36.0449,19.7072
20567_LiGa2Ru,122.051,47.1898
12979_SnO2,191.015,71.5411
14037_NaTl2RhF6,43.1797,23.5953
1018165_PtC,245.53,31.0103
542727_Cr2(Co7B2)3,193.672,118.98200000000001
1114428_Rb2LiSbCl6,21.0524,8.37985
1120739_CaCl2,37.0866,12.1884
23703_LiH,37.1852,43.218
865023_HfTc2Sb,210.921,98.2119
2286_Li2Se,34.0216,26.1066
985438_Ce2CdHg,46.678000000000004,15.7523
463_KF,32.4981,19.7717
1113760_Rb2GaAgF6,48.9398,17.7314
865594_Y2CuIr,106.33,14.5862
1113429_CsRb2AlBr6,14.1556,4.92699
866155_TiAlRu2,214.94299999999998,85.6163
24719_NiH,186.12099999999998,38.8942
865779_Ga2CoRu,50.0319,74.7279
1113367_CsRb2SbF6,31.8356,13.0634
867917_CuGeRh2,252.044,50.3133
1111261_K2LiBiCl6,20.9571,7.31539
19929_MgInNi2,116.235,15.8402
1112450_K2AgSbCl6,26.0175,7.287539999999999
989532_Rb2TlInF6,38.2943,13.2051
974943_HfZrTc2,182.543,57.5988
866094_HfZnCu2,155.68200000000002,39.5258
10474_NaPF6,34.1911,17.1532
1113508_Cs3GaF6,37.4411,8.044039999999999
1001600_HfB12,237.90900000000002,215.532
1114370_Rb2TlBiF6,41.2797,14.9894
6074_KRb2TiF6,36.5286,18.4227
977436_ZrAlRu2,185.583,49.5776
7817_YB12,216.03099999999998,107.811
1111608_K2RbAsF6,34.8482,16.9807
6110_Sr2YSbO6,136.025,66.9219
1113562_Rb2YCuCl6,30.2454,5.14436
558851_Cs2KCoF6,50.849,20.1985
1111618_K2NaScI6,13.7429,5.88344
972337_Ti2IrW,211.028,92.2071
1111199_K2AlTlI6,13.3162,5.00007
2693_SnSe,49.9515,30.3664
24147_AcH2,55.6258,21.0645
24650_YH2,77.6442,46.0539
867896_ScZnCu2,139.304,44.2627
1030_SbPt7,214.583,33.5318
1078725_Ba2UZnO6,111.23,45.7243
865010_HfGaRu2,201.584,82.7723
1112709_Cs2KSbI6,10.302,4.48578
631455_HfSi2Br,80.3653,7.69342
977549_Zr2OsRu,202.38,95.2149
5955_NaSbF6,32.5827,14.0105
979259_V2ReMo,265.504,119.124
865874_Li2AgHg,38.0785,11.8231
23870_NaH,24.5039,21.0164
1113838_Na2LiBiI6,14.4463,5.52079
1096_CeS,86.3623,60.6954
1113785_Rb2GaAgCl6,27.3319,10.2921
20581_Ca3In,56.9238,19.4073
867169_Sr2SnHg,26.7756,24.1764
861627_Ti2AlMo,152.713,29.9296
862368_Sc2NiPt,115.486,37.4876
12608_CuPt7,244.808,109.29799999999999
1112411_Rb2AlHgF6,40.8846,16.677
867911_ScCdPd2,120.865,26.2682
6270_Ba2LiReO6,89.2777,48.34
28022_Na6CdCl8,21.4358,12.0704
1111034_Rb2CuAuF6,46.3168,25.2171
1114563_Rb2LiBiI6,14.5439,5.86035
865653_TiNbRe2,254.88099999999997,110.53299999999999
867187_ScInIr2,174.105,80.8924
1113968_Na2InAsF6,40.3146,13.6232
1113532_Rb2AsAuBr6,27.2785,6.445180000000001
862369_Sc2IrRu,160.48,59.2077
1113697_Rb2TaAgI6,20.0376,6.251469999999999
1114379_Rb3TlF6,33.2216,16.6634
1114295_Cs2TlCuBr6,23.0843,11.1124
1113286_CsRb2TlF6,30.0421,12.9237
2758_SrSe,41.5897,28.1796
25003_Ba2UMnO6,141.166,67.5845
862338_Sc2CuRu,113.96,50.6148
1114476_Rb2TlGaI6,12.954,4.8971
31339_ScInPd2,124.31200000000001,46.9127
581024_CsK2Sb,11.5595,7.67881
989543_Cs2BrCl6F,16.9675,4.26283
1113717_Rb2AgMoCl6,29.8905,7.374560000000001
1113314_Na2CuSbCl6,32.1502,5.2854
989595_CsRb2InF6,31.1893,15.1281
865916_TiVRe2,267.693,132.61
865038_HfTaTc2,226.046,98.3468
1079630_Ba2TaInO6,152.113,83.7397
1009829_Be2Si,98.071,66.9074
980661_YTlAg2,72.608,11.3656
1114365_Rb2NaIrF6,45.8353,24.4836
865809_TiTc2Sb,219.308,100.65299999999999
861639_Ti2CoIr,191.632,14.7675
1114562_Rb2LiBiCl6,19.7518,8.83544
569028_Rb2SnBr6,10.7063,4.27416
1095109_Ba2BiIrO6,129.04399999999998,55.589
973053_ScH3,119.693,35.1083
14039_K2NaRhF6,49.6502,28.1015
864601_LiMg2Rh,66.3681,42.4956
2472_SrO,86.8243,55.6551
1111643_Na3SbI6,12.6078,5.09315
1111968_Cs2RbAsF6,35.4848,13.5391
865076_NaCd2Pt,69.2387,12.6189
10885_AlCrNi2,164.875,56.3883
1029_BaF2,54.9895,25.9065
1112622_Cs2ScAgCl6,26.0939,5.3426
865986_Li2CaGe,35.1705,27.3164
1114330_Na3GaF6,53.1134,30.9538
27834_Tl2PtCl6,17.4588,5.15425
1002222_TlN,110.713,58.8971
865518_YSnRh2,136.347,53.6849
1113328_CsRb2YF6,26.7258,13.9495
865037_CeMgAg2,45.6828,17.0997
1112896_Cs2AlInI6,12.9256,6.08685
20709_Ba2ScSbO6,55.8328,9.69352
1110633_KRb2ScI6,12.2432,4.87648
1080023_MoOs(PbO3)2,198.25599999999997,25.3114
975897_Hf2RuRh,186.35,62.61600000000001
998970_TiFe2Sb,199.079,21.3916
1114511_KRb2InI6,10.5742,4.34678
1079674_Ge(NF3)2,59.6785,16.512999999999998
636232_CeInAu2,50.428000000000004,28.2717
2857_ScN,210.835,157.243
1112629_Cs2AlHgBr6,19.9471,5.9818
1111956_K2TlHgF6,57.5043,13.8859
1112482_Cs2YTlF6,32.5316,13.7484
18995_Ba2FeMoO6,157.07299999999998,86.3204
1114608_Rb2TlSbBr6,15.4572,6.73663
1113067_Cs2ScInCl6,19.1421,9.130339999999999
631535_BeW2Cl,193.483,80.0906
29562_Tl2MoCl6,18.5406,7.098960000000001
865131_Hf2OsRh,202.521,80.7086
1113723_Rb2AgSbI6,18.1182,6.35272
989644_Cs2NaCaCl6,17.3682,5.47635
8812_Rb2GeF6,27.6037,10.3361
1113605_CsRb2AsCl6,13.9107,7.09784
4612_TiCo2Ge,167.764,29.004
1112020_K2InAsI6,13.0638,5.70286
1113373_Na3ScBr6,19.9708,7.396730000000001
1811_HgTe,44.9709,5.49998
1112569_Cs2NaAlF6,49.8562,19.8511
1112444_K2TlAgF6,43.9322,11.8088
1113574_Cs2AgBiI6,17.6321,6.03986
1079896_Ca2H6Ru,62.6974,42.3373
866169_KTl2Bi,22.8337,4.7824
631412_NbRu2Cl,168.08900000000003,21.2822
976148_K2RbSb,12.8678,9.0063
1112561_K2AgAsF6,47.3686,13.5712
23241_YBi,51.8074,30.8657
1112413_Rb2YCuBr6,22.1909,5.18635
865665_TiReTc2,276.015,85.194
2530_Li2Te,26.7787,17.6808
1114171_K2NaRuF6,48.1292,23.3517
8041_Rb2S,14.9071,8.048680000000001
1111609_K2RbAsBr6,13.6174,5.45482
1063314_Ca2Rh,61.3059,15.7111
864991_Ca2AgPb,36.4331,10.8048
8177_HgF2,103.55799999999999,16.6311
867774_Ta2CrOs,267.613,131.363
723_Cr23C6,300.282,132.993
989578_Rb2NaInF6,46.6476,24.1464
977566_MgScPd2,104.969,21.8908
864890_Hf2FeIr,189.82299999999998,61.0543
865486_VZnRu2,234.726,77.9645
989520_Rb2NaBiCl6,17.3624,8.53185
989562_Cs2LiTlF6,45.1623,16.6654
1113391_CsRb2LuCl6,14.8866,5.3286
1111585_K2TlAuBr6,22.8597,6.0506400000000005
1113001_Cs2LiTaCl6,23.5529,9.56989
1113398_Rb2GaAuBr6,28.4432,8.969389999999999
27882_Cs2GeCl6,10.3416,4.42595
636212_GaFe2Co,223.84900000000002,85.3817
23059_Rb2SnCl6,12.0722,5.46411
999395_Nb3Fe,185.49400000000003,67.8979
27839_K2TiCl6,12.481,6.860460000000001
1113436_Na2LiTlBr6,18.4991,6.943789999999999
1111221_K2NaTaI6,14.5033,6.63938
22442_Ba2NaOsO6,87.0284,50.3662
568333_K2SnBr6,11.4884,4.37991
1112453_K2AgPdF6,53.0383,18.2957
1111093_Na2AgAsF6,53.2931,11.8816
1111650_K2NaBiF6,47.4939,15.0594
1111965_Cs2RbIrF6,35.2881,15.7463
1111506_Na2GaCuF6,69.4772,4.76691
6492_Ba2YSbO6,132.21,80.9532
1111212_K2RbInCl6,15.5168,6.72007
1078734_Co(IN2)3,110.265,17.2548
1094048_Sr2TiFeO6,176.23,107.37200000000001
1113901_Na2LiTiF6,59.4574,27.7905
1113722_Rb2AgSbBr6,22.4913,7.10153
865039_HfTc2Sn,196.298,63.0069
1112107_Cs2TlInI6,11.9632,5.3792800000000005
865066_HfInRh2,174.171,72.1502
1008282_Cr3Fe,255.28900000000002,96.7215
370_CdS,71.9004,34.781
1080506_Sr2TaInO6,158.50799999999998,77.2152
865615_GaSiRu2,236.25799999999998,96.0501
1113432_Cs2YAgCl6,24.0115,6.9877
1114665_Rb3ScCl6,16.969,8.20192
865651_Y2TlCd,55.9225,35.6306
643397_H8Pd(NCl3)2,12.9633,9.3554
1112031_K2InHgI6,17.6681,4.18869
1111936_K2HgPdF6,57.1053,14.2198
23505_K2TeBr6,11.6548,4.60415
1111662_K2LiSbF6,48.1623,17.4129
1113000_Cs2LiTaI6,15.231,7.72805
1113285_Rb2AlAuCl6,30.1351,12.6372
984724_Ba2TlZn,22.7797,9.09047
865878_Ti2TcNi,158.753,68.6019
1111575_K2TlIrF6,44.5177,18.6891
978662_Sc6Al16Ir7,140.803,75.9887
867761_Sc2CoRu,135.1,56.3432
1113533_Cs3GaBr6,13.5695,5.19062
862473_Sc2AgRu,115.213,41.0903
1111616_K2NaTlCl6,20.573,9.35159
1111222_K2NaTlI6,12.2453,4.86491
1113718_Rb2AgMoI6,21.441,6.36302
1111668_K2LiMoBr6,22.7955,8.86611
1114133_Na3RuF6,53.0989,23.093000000000004
1112198_K2HgRhF6,45.1823,10.9316
1112138_Cs2NaTlBr6,15.0893,7.62955
865179_Hf2FeOs,210.64700000000002,95.9938
1112602_Cs3SbF6,27.1445,13.2393
1114055_Na2LiYBr6,18.3754,8.051689999999999
1111134_K2ScTlCl6,19.7322,8.85263
976060_Li3C,58.6522,45.3692
1112451_K2AgSbBr6,22.8747,7.02192
1114648_Rb2InAsCl6,18.4811,7.81756
865515_YMgZn2,62.6745,41.6731
1008820_PdN2,231.41099999999997,52.1642
866121_V3Os,250.245,114.84100000000001
1112555_CsK2IrF6,36.0469,15.4698
1112672_Cs2LiTaBr6,20.3852,8.54153
1114469_Rb2AlTlI6,13.1812,5.32472
1079272_Sr2ZrVO6,176.808,90.1331
1094358_Mg3Ti,50.4239,33.5059
1113884_Rb2HgPdF6,43.8021,18.9847
971_K2O,28.2358,14.5906
865669_TiSiTc2,237.551,86.6084
179_YZn,53.6924,13.943
1009077_FeH,259.57,169.39
1114700_Rb2LiRhF6,48.995,22.5503
865560_Y2AlZn,65.8702,49.8922
1112659_Cs2NaBiI6,10.8634,5.57253
864946_MnCuPd2,180.502,38.1183
1112015_K2ScInBr6,16.9301,5.82267
1112534_Cs2NaScBr6,18.2801,7.412310000000001
1111758_Na2ScAgF6,52.5185,11.7261
1111985_K2InAgCl6,27.6873,8.74611
866152_TiBeCo2,184.358,66.2945
1111623_K2NaSbF6,46.4971,19.8375
1112623_Cs2KGaBr6,15.1401,6.2177
864974_Hf2CuOs,169.115,34.0937
866292_Ba2TlCd,21.9183,9.08187
1111023_Na2TlHgF6,55.9179,11.4624
989567_Cs2RbTlF6,33.1972,10.4026
867923_ScGaPt2,154.78799999999998,15.3895
973769_Hf6Al16Os7,161.364,45.1012
1114681_Rb2TlAsF6,45.1928,14.7489
1113383_Rb2CuSbBr6,14.1794,6.81653
863707_KNa2Bi,17.6706,10.4266
1112564_Cs2TlPdF6,40.0562,12.8722
866154_TiBeIr2,250.8,112.15799999999999
1112134_Cs2RbAsBr6,13.2907,6.06542
1112545_KInF3,39.9892,15.6458
1111127_K2NaGaCl6,22.6544,12.046
989571_Cs2NaInCl6,17.9497,9.52052
977545_ZrTc2W,245.674,99.1375
865867_Li2YTl,38.0506,32.9047
866289_Ac2ZnSi,43.92,22.3627
8289_SnF3,53.8147,22.53
1111664_K2LiSbCl6,22.1441,8.37701
23763_SnH8(NCl3)2,18.108,7.62553
5491_MnAlAu2,154.308,26.1822
983430_HfZnPt2,172.22799999999998,24.9857
989561_NaTl2GaF6,57.245,23.1169
1114472_Rb2TlBiBr6,15.1033,6.56469
862311_Sc2GaRu,117.50200000000001,53.1602
862786_Ac2CuGe,46.7595,12.0993
20145_TiGaCo2,203.49099999999999,55.0509
865876_Ti2TcOs,231.59400000000002,119.906
999390_NbCr3,229.06400000000002,102.71700000000001
9935_GeSb,61.4614,40.2894
861651_Li2PdPb,54.5102,20.9829
1111658_K2LiTlF6,55.8113,19.0039
1113728_Rb2AgMoBr6,27.3701,4.53611
865842_Ti2OsRu,239.58,131.894
4922_MnAlNi2,205.236,42.3855
1112117_Cs2RbScI6,10.3097,4.30389
864734_HfInPd2,147.865,48.0194
1114493_Rb3BiBr6,13.5309,5.4687
1111923_K2LiRuF6,52.6541,24.351999999999997
1087215_NaAsF6,30.1623,14.6456
21883_VGaFe2,216.072,116.632
1113323_Cs2YCuI6,20.9441,4.23083
1111202_K2RbYCl6,16.073,7.31607
989553_Cs2TlGaH6,23.4616,15.9791
13797_K2NaCuF6,50.235,22.7559
984551_AcTlHg2,42.4937,9.43366
10895_Mn2AlV,219.399,105.13600000000001
1112420_K2RhAuF6,53.536,4.17858
1100763_Pt3F,186.669,6.1276
31175_CeMg2Ag,105.809,25.6535
1111226_K2NaSbI6,12.3075,5.48918
867307_Be2RuAu,195.947,91.0757
1112026_K2TlHgBr6,21.5146,4.9515400000000005
989568_Cs2NaMgF6,33.4137,15.7763
1112159_K2ScCuCl6,33.7277,6.35479
1112795_Cs2YInI6,12.7711,5.26355
1111207_K2RbScCl6,16.6454,7.761880000000001
1112160_K2InCuBr6,16.5479,12.1331
1111058_KNa2RhF6,42.4436,21.4186
989527_Cs2NaNF6,42.7123,19.6787
1111684_KTlI3,12.3498,4.3301300000000005
1114355_KRb2TlF6,36.1001,18.4834
1112552_K2HgBiF6,27.0864,10.7449
1111097_Li2CuSbF6,63.2219,6.3952800000000005
1113607_CsRb2InCl6,14.0397,5.64117
862257_Sc2ZnAu,102.443,47.5812
22725_TiInCu2,89.7162,50.6502
1113969_Na2InGaF6,33.6471,14.7347
866114_HfTc2W,249.985,105.976
910_NbC,302.884,155.214
973142_ScZn2Pd,133.585,19.5266
1111747_Na2PdAuF6,65.766,10.5298
865810_TiTc2W,264.61400000000003,116.956
1111056_Na2LiAlF6,67.7966,38.176
1078677_Sr2H6Os,51.8909,32.4349
1113837_Na2LiBiCl6,20.2399,7.771610000000001
1008922_CuN,211.192,56.5536
631_TiC,262.198,114.889
1114360_Rb2LiTlF6,52.221000000000004,19.7437
1111640_K2NaInBr6,16.9107,8.425180000000001
1113567_Cs2CeAgI6,17.2186,5.28834
1038778_Sn3Bi,52.2889,34.0417
561561_Cs2KRhF6,38.2201,19.7071
2807_ScP,97.2343,45.7103
1111578_K2TlInBr6,16.0637,6.416180000000001
989585_Cs2KPbF6,32.8457,14.8673
861908_TaTiRu2,238.53799999999998,68.3713
866188_TlCdRh2,140.222,57.6214
2114_YN,158.814,120.916
865484_V2CrRe,259.87,125.162
1111534_Na2InAgCl6,28.1764,7.29361
977407_Hf2ReRh,204.17,100.594
1078548_Mg7Ti,43.2975,23.6542
977410_NbGaFe2,214.56,111.26799999999999
1113524_Cs2GaCuCl6,34.2813,16.8648
22493_YInAu2,94.9937,9.92415
34418_AgPF6,25.9477,10.5844
862745_Sr2LiPt,28.6801,4.408919999999999
1112539_K2ScCuF6,36.2458,8.31002
1057286_CsH,12.5106,9.30776
1111982_K2InGaCl6,21.6746,8.78669
567652_Cs2LiYCl6,21.1578,8.996939999999999
974417_Re3Sb,251.597,43.873000000000005
1113745_Rb2AgBiI6,17.9835,5.93119
631480_IrOs2Br,238.762,58.5127
1112112_Cs2TlAsBr6,16.4937,7.889480000000001
1022_K2S,17.8902,10.0352
27833_Tl2TeCl6,14.1867,6.95857
973067_ScGa2Ru,128.77700000000002,40.9816
1111577_K2TlInCl6,19.2004,6.32027
1111107_K2LiTiF6,52.6135,21.8918
581707_ZrInAu2,136.602,44.9975
631418_CuRe2Cl,200.324,92.3651
989528_Rb2AlInH6,25.3784,14.4385
1352_ZrN,257.809,173.016
978532_CuSiRh2,241.516,62.5161
972935_ScZnNi2,116.329,28.3492
1112991_Cs3InCl6,13.1332,5.79186
1114612_Rb2YTlBr6,15.1576,6.11069
975198_RbTl3,19.685,8.65835
1112887_Cs2InSbCl6,18.4399,7.57037
1113337_Cs2ScCuCl6,30.7029,8.92088
867341_CsAcTe2,35.611,17.767
570203_MnCoSb,120.052,21.824
13914_LiCo2Ge,159.209,88.1565
1018023_Mn3Sn,203.47799999999998,29.3872
2175_TlF,37.9994,12.6454
864839_Zn2PdRh,155.747,67.6737
7331_Cs2MgFe(CN)6,43.9845,18.1832
862691_Al2FeCo,188.22,123.51700000000001
21309_MgTe(PbO3)2,125.473,51.4271
865030_HfScRu2,178.852,90.6336
1001785_MoP,194.972,77.7608
1113594_Cs2GaAgI6,18.6134,7.363810000000001
30782_Sr6Mg23,28.2593,4.52321
37307_Na(WO3)2,233.048,122.72200000000001
1114686_RbInF3,38.483000000000004,11.3487
1114445_Rb2NaMoBr6,18.6563,8.63148
1112936_Cs2TaAgBr6,20.3492,5.34512
37737_HfTiF6,103.838,41.2217
504723_Ba2NiWO6,130.44299999999998,40.0323
1111693_K3ScI6,12.0366,4.43697
1112325_CsK2AsBr6,13.0988,4.33301
1078258_Cs2AgBiCl6,22.7132,7.3974
1111483_Rb2CuPdF6,35.7557,28.4224
568516_K3Bi,11.1954,7.514130000000001
994_YP,89.8432,63.1926
1111949_K2AlAgF6,50.9408,17.7624
1111038_Rb2GaAuCl6,31.912,11.4795
14226_Ba2YSbO6,64.4354,14.1332
1114334_Na3YF6,46.6665,23.5774
1079116_Mg7Sc,38.6544,25.6084
862711_Sc2CdIn,69.1939,47.2499
1113626_Rb2ScAgI6,19.2894,6.05395
1112183_K2InSbBr6,16.9103,6.86759
11537_NbAlRu2,232.301,123.985
862486_Sc2AlOs,129.91299999999998,59.1194
1058586_SrN,69.6997,25.9977
1112122_Cs2RbSbCl6,16.1549,6.86132
976598_LiHf2Ir,149.63299999999998,58.4508
1008677_TiO2,265.567,99.2202
23137_Ba2YBiO6,117.633,71.1712
865746_GaTc2W,263.569,108.491
865448_TiGaRu2,228.172,59.7703
1111594_K2RbTiF6,34.2212,17.8043
13136_WC,382.139,240.57299999999998
977362_ZnGaRh2,184.92700000000002,69.6584
1113011_Cs2LiMoI6,16.045,6.54701
972914_Sc2AlCd,79.6155,54.1122
865649_Ti2TcRh,207.84599999999998,106.164
977200_Na3C,22.3043,4.012490000000001
862371_Sc2RuPt,157.82,67.7737
1112922_Cs2SbAuI6,20.7288,5.37969
22898_KI,11.5362,6.02379
1112053_K2CuBiBr6,31.3293,6.99741
1111061_Na2YHgF6,32.4426,9.97065
1112666_Cs2LiYBr6,15.6387,7.7892399999999995
972907_Sc2AlAg,83.2804,48.5586
971944_SrMg3,26.2651,16.7626
2741_CaF2,87.2994,44.3986
866140_TiGaPd2,156.688,41.225
1114679_Rb2YHgF6,33.3011,7.589119999999999
1000_BaTe,27.7968,17.7082
861629_LiMnPd2,133.355,34.3249
1112980_Cs3BiBr6,12.595999999999998,4.95562
867756_Sc2CuAu,98.6209,22.9271
13254_CeMgZn2,58.3912,32.7832
1094184_HfMg3,55.6628,36.155
1114609_Rb2TlSbCl6,18.5142,7.61061
977543_ZrInRh2,165.845,32.9525
23304_Rb3Bi,9.85401,4.94473
6065_Sr2GaSbO6,158.476,97.1647
492_TiN,296.52099999999996,218.907
1112017_K2InSbCl6,19.1837,7.14772
1112047_K2CuMoBr6,32.8467,4.21166
1113063_Cs2YInBr6,14.2713,6.0160599999999995
19093_Ba2UNiO6,94.1291,17.6194
1111998_K2ScAgBr6,24.0767,5.93138
998982_Ti3Sn,118.99700000000001,22.4273
1114416_Rb2LiBiF6,46.6898,15.7266
1111535_Na2GaAgF6,57.373000000000005,14.2735
1114404_KRb2IrF6,36.7581,17.4334
1112216_K2TlCuBr6,16.6666,10.5395
977462_ZrCdAu2,123.973,38.5925
1114698_Rb2LiAsF6,50.9616,21.826999999999998
1111533_Na2InAgF6,55.3453,12.765
975905_Mo3I,195.74599999999998,14.0091
865163_HfBeRh2,193.87,61.7248
998893_YC,124.405,77.5324
1007961_CrInCu2,133.30100000000002,36.4605
556417_Rb2NiF6,37.6845,12.4024
1113957_KNa2IrF6,44.0089,15.9417
631473_KTi2Bi,55.7575,21.2976
1112759_Cs2KInCl6,15.9232,4.96777
1112892_Cs2InBiBr6,15.9718,7.09898
4813_NbAlNi2,179.997,49.8966
1114601_Rb2NaYBr6,16.0398,6.7596
1112169_KInI3,13.0384,5.20507
862706_BeCo2Ge,202.96099999999998,90.0978
865966_BeAlIr2,236.858,103.084
1113290_RbNa2AsF6,39.1986,15.9932
1114618_Rb3AsI6,10.6654,4.04737
697044_Ba2H6Os,42.858999999999995,21.319000000000003
998986_Ti3Si,138.45600000000002,39.143
973979_LiFePd2,126.29299999999999,32.8538
1112786_Cs2KBiCl6,14.5574,7.186210000000001
16735_CrInCo2,180.85299999999998,18.3739
1112052_CsK2TiF6,33.8982,16.1539
37153_AgAsF6,33.8311,9.48851
1114347_KRb2AlF6,39.314,21.5069
1113664_Rb2AlAuBr6,27.4063,9.474269999999999
1094467_Mg3Zr,54.1252,31.4699
1114522_Rb2InAsI6,11.6833,4.88869
867263_ScCdHg2,76.6832,27.4959
10728_PdO,175.324,23.4128
1112572_Cs2LiPdF6,39.2291,18.8847
1111544_Na2AlAgF6,57.31,14.0497
13322_LiGeRh2,170.675,68.4275
22463_TiInNi2,157.468,53.3802
1112001_K2AgAsBr6,24.6859,8.56767
1112106_Cs2YTlBr6,14.7184,6.3004
1111120_Li2CuSbCl6,27.1893,4.67855
1113416_Cs2GaAuBr6,27.02,9.804160000000001
1113095_Cs2InGaI6,12.4642,6.9157399999999996
22037_Cu6PbO8,156.872,42.8496
1007975_CrNi3,199.467,53.3468
755421_Ca6HfO8,103.779,70.1507
30069_CuNi2Sb,152.6,28.3739
989536_Cs2LiNF6,23.1289,12.1051
1112649_Cs3ScBr6,14.2011,4.6567300000000005
1114058_Na2HgAuF6,59.6768,4.85312
30760_Li3Pb,24.2636,22.7202
999550_Mn3Ga,219.172,37.3131
867171_SrLi2Sn,30.7424,20.7167
1112439_K2InAuI6,21.0029,8.55712
866219_HfSnRu2,199.37599999999998,107.241
6686_K2NaInF6,48.6555,24.7605
1112547_K2InBiF6,36.8045,13.0853
1114505_RbTlBr3,15.5085,5.91144
1114586_Rb2NaBiI6,12.1972,5.52471
569149_K2TeCl6,10.8259,4.93133
541097_Zr3Pb(O2F3)2,160.536,71.3605
1114094_Rb2InAgF6,44.6329,15.3636
1111245_K2LiTaI6,16.1608,6.1371199999999995
6178_Cs2KTiF6,35.1458,9.93368
30227_Rb2WCl6,13.4389,8.42457
1113426_CsRb2AsBr6,12.8394,4.87455
1114066_Na2AlHgBr6,22.3464,4.18124
1111602_K2RbBiF6,32.3192,15.282
1080753_NaPb2IO6,87.6449,48.5745
989558_Cs2TlGaF6,46.5603,17.7082
977189_Na3Bi,19.5029,11.6644
862543_Sc2AlTc,114.97399999999999,21.333000000000002
1112137_Cs2NaYI6,12.1567,6.04471
1476_ScS,103.6,45.2976
6135_Ba2PrIrO6,126.488,64.5165
1061865_TeN2,143.787,27.5819
1114047_Na2HgRhF6,58.6746,15.3823
1112021_K2InGaI6,13.2611,6.62821
1114642_Rb2LiGaF6,40.1886,24.2852
2052_ScAs,82.69200000000001,30.7443
1114390_Rb2InSbBr6,16.6151,7.27717
690785_Na2H6Pt,24.5888,17.0001
1114514_Rb2ScTlI6,12.7122,5.1479800000000004
1111581_K2TlGaCl6,19.925,6.5907100000000005
866288_BeVCo2,113.53399999999999,87.4947
1112120_Cs2RbScCl6,17.4702,9.025260000000001
1111173_K3InCl6,16.452,7.56385
864831_NbZnRh2,202.301,24.6579
971738_ZnCuNi2,162.535,74.3728
557382_Ba2ZnWO6,117.227,60.0082
984761_CsRb2Sb,11.7952,7.44027
973533_FeAg3,112.04899999999999,40.5518
6613_Ba2YTaO6,138.938,83.2514
865535_Ac2ZnGa,39.8823,21.2523
861663_LiRh2Pb,127.086,28.5258
1394_Rb2O,25.4772,10.05
23471_K2RuCl6,13.8005,4.7717
1111296_KTlCl3,20.0668,7.09506
7243_LiSnPd2,111.012,30.7524
1111179_K3BiBr6,13.8677,5.9798
989610_Cs2NaInH6,21.7328,16.3471
1112462_K2AgIrF6,49.2473,15.5555
1114378_Rb3TlCl6,15.5618,6.72835
1111425_K3IrF6,40.7785,20.1271
1113021_Cs2LiBiI6,13.8351,5.66562
1008653_AgC,144.72799999999998,31.2655
1113557_Cs2AgMoBr6,25.6963,8.61318
1111526_Na2AgSbF6,50.0124,10.2688
865051_NaCa2Tl,42.4628,10.709000000000001
862370_Sc2PdRu,136.537,55.4484
6968_Cs2KCuF6,38.3188,17.3783
865538_Ti2RePd,204.236,75.3643
984784_Ba2ZnCd,19.1424,8.26445
989580_Cs2KNF6,35.1401,18.9782
1112008_Cs2NaLuCl6,13.2025,11.2065
1111990_K2ScHgCl6,21.8888,5.29795
20730_HfCo2Sn,187.12599999999998,40.071999999999996
1114617_Rb3AsBr6,13.4158,5.75902
1112890_Cs2InBiI6,12.6619,6.42366
989545_Rb2NaSbCl6,19.778,9.155
1342_BaO,71.3595,37.983000000000004
1111992_K2HgAuBr6,26.9951,4.34206
315_PbF2,77.6393,27.6849
1112179_K2ScInF6,45.1413,15.520999999999999
1114633_Rb3ScI6,11.0771,4.16725
1113960_KNa2GaF6,48.5181,21.2509
1111268_K2LiBiBr6,15.87,7.3032699999999995
862363_Sc2PdPt,121.6,37.5865
241_CdF2,110.41,32.3722
1114468_Rb2AlTlF6,45.6125,17.0876
1111167_K3SbI6,10.5796,4.00435
1111201_K2RbYBr6,12.6143,5.3195
571059_YCd3,61.6103,30.3626
4502_Ta6Si7Ni16,191.706,113.789
1080434_Sr2YCoO6,144.042,56.4382
1534_YS,93.441,10.4312
1113372_Na3GaBr6,19.6328,8.30087
863690_Ti2MnCo,183.199,96.3008
1114683_Rb2NbTlF6,36.2774,5.9775599999999995
866163_YInRh2,128.375,28.3916
9839_K2LiAlF6,46.6836,29.6797
862445_TaAlOs2,274.166,138.77200000000002
971826_Tl3H,28.8206,19.6132
631524_BTe2As,61.3148,49.3445
1111524_Na2TiAgF6,44.333999999999996,11.3056
864898_Na2TlBi,22.7157,13.4528
865110_NaMgTl2,25.4971,17.0177
978285_Mg3Mn,43.9314,33.8045
1114551_K2RbTaBr6,15.0825,5.6866900000000005
1113007_Cs2LiSbBr6,15.520999999999999,7.25984
1114614_Rb2YTlI6,10.8872,4.75221
999027_Ti3Al,117.68299999999999,29.093000000000004
1112004_Cs2RbTlCl6,13.8462,6.70834
1009488_NiN,264.47900000000004,95.5838
1111584_K2TlBiF6,38.9748,15.0297
1111196_K2TlSbCl6,18.6486,7.25357
21067_ScInCu2,89.9647,39.5625
19834_CeInCu2,102.01700000000001,40.8455
636359_VFe2Sn,177.0,42.4634
1111247_K2LiSbI6,14.6807,6.03486
862362_Sc2TcPt,321.133,59.4678
1112651_Cs3InBr6,12.8541,4.62185
4047_Cs2SiF6,26.7398,7.96702
30439_Ta6Be15Cu8,152.35,56.4355
865533_Ti2ReOs,245.265,105.075
989539_Rb2AlTlH6,26.0964,15.1997
4828_HfNi2Sn,161.55100000000002,44.7895
1113034_Cs2KSbBr6,14.0007,6.2542800000000005
25173_MgPb2WO6,136.683,62.3899
865928_Ti2TcPt,201.24200000000002,32.3181
862684_LiHf2Os,147.746,47.7878
1113415_Cs2GaAuCl6,29.9335,12.4194
867835_BeSiRu2,248.532,148.80200000000002
982870_HfAlIr2,221.43099999999998,89.6244
863250_TaMn2Ge,222.4,109.20100000000001
1114615_RbInBr3,16.8966,6.8659300000000005
2352_Na2O,42.5101,34.7051
3539_NbGaNi2,183.467,44.2551
2343_Mg2Sn,41.989,21.5701
1111591_K2AlTlBr6,15.527999999999999,6.443169999999999
1114507_RbTlF3,44.0719,18.1167
23268_NaI,14.7171,8.73427
1112934_Cs2YAgBr6,20.477,6.69623
865048_TiZnIr2,229.507,100.993
1009733_Ca2Si,36.5774,26.2024
1112596_Cs2NaAsF6,43.118,20.0387
1062711_Rb2Pd,9.86551,5.19151
1114640_KRb2AsF6,32.8987,15.6362
1111291_Li3AlF6,69.3404,38.8459
1080041_Cs2NaBiCl6,16.8947,8.49424
865003_Be2IrPd,211.155,74.7309
1708_YTe,58.0694,16.641
1112517_Cs2RbGaCl6,16.3548,5.1722
977582_ZrZnRh2,172.02599999999998,70.7947
865094_HfNbTc2,217.555,100.09899999999999
864650_Ta2OsW,281.22700000000003,145.349
31349_Sr3In,17.8222,9.426839999999999
1094092_NaPH6,17.8031,7.978910000000001
1114447_Rb2NaMoI6,15.4307,5.80126
867174_SrLi2Pb,24.2358,17.1928
682_NaF,52.4118,36.3275
1114373_Rb2YTlF6,33.8442,15.6075
1111762_Na2AgRhF6,53.601000000000006,16.7812
2229_ZnO,148.589,61.5545
1111194_K2YTlBr6,15.4525,5.719530000000001
21587_Mg6Ni16As7,47.7788,46.9909
1112642_CsInBr3,16.0346,5.791869999999999
30844_ScSnPt2,148.846,37.2697
865000_HfScIr2,184.355,51.5154
989402_Sr6In2NF,31.6814,16.75
13396_LiIn2Rh,92.6987,30.5598
38843_CaTa2O6,212.75099999999998,110.052
1111913_K2RbAsCl6,17.9412,7.206289999999999
1112176_CsTlCl3,18.3013,7.198519999999999
1018046_MnGaFe2,223.37900000000002,62.6837
1079477_Ba2VMoO6,176.646,91.5184
865482_VTc2Ge,248.738,96.6053
1112126_Cs2RbLaCl6,12.8653,6.9219100000000005
867110_Sc2CoOs,126.64399999999999,63.391000000000005
631569_BaHf2As,71.2877,16.2909
1078457_Ba2ZrTiO6,157.004,100.335
865234_TaZnRu2,232.43200000000002,86.1373
1114336_Na2LiGaF6,70.1995,33.3229
1111197_K2TlGaI6,13.0634,4.57976
865899_Ti3Os,171.58599999999998,56.4217
865495_V2CrTc,247.58599999999998,117.473
22221_MnCu2Sn,146.373,32.3607
865504_YAlAg2,85.18299999999999,25.7954
557686_ZrVF6,103.214,50.4329
10020_ScC,168.502,100.176
7889_Sr2YReO6,147.81,59.8467
1113379_Cs2TlAuI6,16.8697,5.36533
555506_ZrCrF6,103.195,49.7047
19079_CoO,223.951,49.8314
1078250_Cs2AgBiBr6,21.8027,6.636989999999999
1113435_Na2YCuBr6,26.6078,5.945790000000001
22673_MnInCu2,125.805,37.5336
9115_Ba2SrIrO6,106.21700000000001,44.2587
20812_InN,163.278,99.0104
5419_LiGa2Ir,128.899,34.716
13926_Rb2NaYF6,43.7755,21.813000000000002
867119_LiHfPd2,124.57799999999999,16.7163
865711_Li2TlAu,40.3569,34.8988
1111050_Rb2AgAsF6,44.763999999999996,15.7777
867909_ScCdRh2,140.004,55.8123
866159_YZrRu2,148.511,66.2929
1009555_CrO2,279.449,120.475
11305_Li2CdPb,30.0593,9.41502
1113394_CsRb2InBr6,12.9646,4.1186
865730_TiZnAu2,145.74,34.7605
24728_VH2,189.30700000000002,74.3035
866162_YMgAg2,65.2675,25.3311
1114054_Na2InHgF6,46.5181,11.8116
861888_CeBiAu2,85.4537,16.107
1111617_K2RbAlBr6,15.196,5.58636
19717_TePb,40.7703,26.3552
1114671_Rb2NaScCl6,20.1841,10.6364
387_CeSb,50.2963,35.1055
1111653_K2LiYF6,40.3797,18.5977
865561_Y2AgRu,85.56200000000001,18.1665
1112139_Cs2NaTlI6,11.4449,5.3280400000000006
1113402_CsRb2ScCl6,16.3221,7.69498
1113282_Cs2TlHgI6,15.5329,4.96491
21276_PbS,54.4024,32.1734
31186_AlFe2Ni,213.024,106.59200000000001
554971_ZrFeF6,99.6343,57.1466
1114677_Rb3SbF6,28.2383,15.4155
973446_K3W,10.4427,5.79539
865803_Ti2MoPt,201.21099999999998,96.4062
1120715_Ag3BiBr6,24.366999999999997,4.961130000000001
1114504_Rb3YBr6,12.4777,5.73532
867897_ScTaRu2,210.426,117.23
1112025_K2YHgBr6,17.0157,3.97319
976082_Mn2GaW,247.238,116.133
1111195_K2TlSbBr6,16.0723,6.48415
1112141_Cs2NaScI6,12.5382,6.32863
867292_Ga2RuRh,203.112,74.4878
1112943_Cs2AgSbBr6,22.1609,7.03448
983566_Ca2AgGe,49.8417,8.09963
1113507_Na3TlBr6,16.6556,6.85682
867127_ScCdAg2,89.0123,38.916
865191_FeGeRu2,258.45599999999996,48.8824
1113055_Cs2KBiI6,10.1271,4.507619999999999
977181_NaMo3,164.378,23.2972
1111330_K3TaCl6,16.8219,8.466510000000001
1113882_Rb2CuRuF6,31.6803,25.8757
865964_Li2CaSn,34.4159,26.4905
8217_Cs2GeF6,29.6449,8.358989999999999
11718_RbF,27.307,16.0121
976114_Li2CdHg,32.7941,32.6432
13190_KRb2GaF6,38.9309,20.2935
862336_Sc2IrPd,141.576,41.1945
862300_Sc2GaOs,127.03299999999999,54.0292
1111026_KNa2ScF6,47.2383,21.1834
631578_BeSbAs2,67.6004,34.9904
1110634_Na2LiRuF6,59.9989,23.0201
30347_ScInAg2,81.7638,23.9481
862746_Sr2LiTl,20.7064,6.4602
31173_CeCd2Ag,56.9318,17.7821
631465_YRhW2,176.623,35.3749
1113761_Rb2InAgCl6,26.2843,8.93261
10159_K3Sb,13.5945,8.78763
1113618_Rb2BiAuI6,20.4313,4.49035
1111999_K2AlAuBr6,27.9868,8.50204
866229_Ca2SnHg,34.6273,27.134
865585_VGeRu2,245.398,28.4397
1112643_CsInI3,12.6424,5.75694
568914_K2WCl6,14.5569,6.41531
989540_Sr6Sn2NO,43.3538,29.2164
1114158_Na2CuAuF6,65.69,17.9499
1023128_CuS,116.301,51.8507
1025415_CePd7,144.468,40.2393
3340_TaAlCo2,201.233,58.4601
1113062_Cs2YInF6,31.4223,12.2696
32939_Fe7O8,227.4,60.1796
1002206_SiC,243.437,173.317
866096_HfZnCo2,141.005,43.9545
1064892_Zr2TiAl,106.99700000000001,32.8844
2201_PbSe,48.4626,29.814
1114631_Rb3SbCl6,16.9059,6.858739999999999
1111763_Na2AgIrF6,55.0372,12.338
1111129_K3GaCl6,16.9717,7.76967
1112664_Cs2NaAsBr6,15.8515,8.38842
867120_TaMn2Al,205.425,107.37799999999999
1114704_Rb2LiTiF6,53.2673,31.4725
20801_LiIn2Pd,72.5894,41.6501
1111592_K2RbYF6,30.9733,16.4268
1113441_Cs2TlAgF6,46.9945,15.8553
1112210_K2AlHgCl6,23.533,4.94221
10584_Ba2LiOsO6,92.9526,48.11600000000001
2563_CeSe,72.5053,50.8863
865382_V3Ru,230.201,102.959
1112478_K2AgAuF6,58.3149,17.7158
865499_V2TcOs,281.145,88.01899999999999
865600_Y2IrPd,108.103,52.7309
1114590_Rb2NaInBr6,16.2761,8.31868
1112594_Cs2RhAuF6,46.9063,4.39111
1113577_Cs2AlAgBr6,23.156,5.530959999999999
865077_NaCd3,35.3325,12.3969
973126_ScBiPd2,108.223,9.5201
1113320_Rb2GaHgCl6,25.8623,6.41327
20228_MnGaNi2,196.96400000000003,28.3195
1113378_Cs2AlCuCl6,32.0457,16.3042
25053_Sr2NiMoO6,147.115,45.4993
1111665_K2LiRhF6,47.4674,26.5112
631305_Ga2WSe,107.935,12.0319
1114462_Rb2NaTlBr6,15.4782,6.198180000000001
13800_Cs2NaTlF6,39.9454,19.6197
1112180_K2ScInCl6,19.5831,8.65703
989573_Rb2BrCl6F,23.08,7.5869100000000005
865591_Ti2NiMo,150.493,76.0161
23350_Rb2PtCl6,13.23,6.57572
1056955_AgN,149.835,35.0877
20620_Ba2NbInO6,148.441,81.3093
30450_Mn3(CuBi)4,76.5808,29.558000000000003
1112140_Cs2NaSbI6,11.1837,5.70483
505472_Al3(Ni10B3)2,183.05200000000002,84.4145
1111071_Li3IrF6,66.6488,15.5882
1519_CaTe,37.1304,24.1847
10378_Cs3Sb,9.64862,5.81104
1113480_Cs2AgMoCl6,28.1,8.76225
989584_Ca6Sn2NO,53.9163,38.7885
1114526_Rb2ScInI6,12.9452,5.32923
1113028_Cs2KYBr6,13.0414,6.4769
1112109_Cs2TlBiCl6,16.4673,6.70707
1111333_K3SbF6,34.527,16.7648
866376_TiMn2Ge,190.168,108.39200000000001
1112069_K2InAuBr6,27.415,7.83648
867846_TaTiRe2,263.88,129.906
867275_BeVOs2,286.793,105.875
1018017_Sc2MnSn,108.645,19.5841
1112932_Cs2AlAuI6,21.8917,8.3385
1112114_Cs2RbYCl6,16.0509,7.7577300000000005
1112203_K2InHgBr6,22.6829,4.2903
631554_Na2TiAu,38.7377,10.9206
23193_KCl,16.2372,9.93989
989582_Ca6Pb2SeN,110.00399999999999,23.9351
19963_TiFe2Sn,189.294,98.8244
1007924_CrCu2Si,199.84099999999998,33.2663
865130_Hf2MoRh,175.15200000000002,76.7514
1415_CaSe,48.1006,33.4284
1112000_Cs2ScTlCl6,19.258,9.54495
13898_Cs2NaInF6,43.6272,20.4012
1114382_KRb2GaI6,11.1791,4.13791
30773_MgNi2Sb,121.781,45.8926
1113665_Rb2AlAuI6,21.9903,7.68612
1112570_Cs2NaGaF6,43.4791,21.5389
1100772_TiVRu2,236.33599999999998,97.5601
5221_HfAlCo2,176.99900000000002,92.7671
1112448_K2ScAgCl6,28.1375,7.84652
557958_Cs2KNiF6,39.6636,18.3268
1111892_Na3InBr6,18.0651,7.74113
1112673_Cs2LiSbI6,13.9099,5.92021
862431_Sc2AgOs,126.40299999999999,51.2795
672340_LiIn2Ru,96.9399,41.9074
1113637_Rb2SbAuI6,20.7861,5.82981
989519_Cs2RbNF6,35.4281,17.1719
631491_BaNbTc2,131.023,36.3623
862376_Sc2CuTc,132.879,42.1675
1086_TaC,338.92800000000005,193.80599999999998
867422_AcPbAu2,67.5583,19.2173
977357_Ta2ReRu,267.005,53.3979
1113899_RbNa2AlF6,41.74,18.3853
1112435_K2AsAuBr6,27.6109,6.61602
1113563_Rb2AlHgBr6,20.8216,5.16976
1114603_Rb2NaYI6,12.9933,4.96945
1111973_K2AlAgCl6,28.1608,10.165
865768_Ti2MnOs,212.81400000000002,96.1968
1114494_Rb3BiF6,27.9484,15.4536
1111185_K3AlBr6,16.0049,6.48046
631498_BaMgOs2,90.0597,32.3028
865503_YCdAg2,69.8371,18.7538
1112493_Cs2ScTlBr6,16.9201,5.61296
21013_Cs2LiFe(CN)6,26.5704,9.26561
765966_LiVF6,39.3485,20.2989
560790_Cs2NaBiF6,38.9791,17.6292
974415_Re3Pb,252.25400000000002,30.9787
1112079_K2YAgBr6,21.5685,6.744689999999999
973443_Hf2ReTc,208.25099999999998,71.7179
1114400_K2RbBiBr6,12.999,5.32677
865926_Cd2PdRh,127.324,54.0067
1111163_K3ScBr6,15.7683,6.69954
1111001_Na3TiF6,52.088,25.9864
1114030_Na2AlInF6,44.7941,12.1557
1080472_Pt(NCl3)2,41.5355,4.45759
1007991_CrInNi2,128.412,10.9599
862548_Sc2AlZn,76.6768,60.0495
1095185_Y2CrH6,87.0103,62.0899
505569_CeH2,67.8334,36.43
972866_Sc2PdAu,111.899,37.2939
865862_CeAgAu2,84.4215,12.5949
861932_LiZnAu2,93.162,27.9097
1096937_CuI,39.6741,10.2665
1112898_Cs2YHgCl6,18.9934,4.41558
999257_Sc2MnC,125.927,53.3635
972327_Zr2CoOs,171.919,62.666000000000004
9349_KRb2ScF6,34.2632,20.1642
971739_ZnCuPt2,180.63299999999998,69.814
23222_Li3Bi,27.6878,25.9995
4897_ScSnPd2,120.639,25.0631
1113913_Na2LiInF6,58.2428,25.6634
1672_CaS,58.0435,40.4984
972925_ScZn2Au,156.188,46.6868
865898_TiZnCo2,157.415,82.2222
441_Rb2Te,10.9479,5.719119999999999
972209_Ta2TcW,258.841,114.675
1111922_K2LiTaBr6,20.9617,9.16305
978523_Sc2ZnCu,90.0032,37.185
865807_Ti2MoIr,211.46900000000002,105.973
28084_Rb2PdBr6,15.568,4.88748
1112627_Cs2InGaBr6,15.1911,8.30123
22672_CeC,137.799,57.325
24721_RbH,9.54487,9.0906
864784_LiSnRh2,143.988,42.7931
864770_Ta2MoOs,270.528,132.042
22947_K2ReCl6,19.8301,4.90763
1113439_Rb2TaAgBr6,24.3592,6.52714
1113875_Rb2AgAuF6,56.1804,19.1233
550893_HfO2,267.832,130.379
1111092_Na2YAgF6,41.2141,9.32765
981933_NaPd2Pb,78.1284,11.6148
1111924_K2LiPdF6,47.9659,20.9926
867788_TaGaOs2,283.272,134.68
1113900_Na2LiScF6,63.1223,30.534000000000002
2605_CaO,104.06200000000001,76.5066
1114176_K2LiTaCl6,25.7553,11.2684
978276_Mg3Co,36.0513,26.9661
1111121_Na2GaAgCl6,30.304000000000002,9.534360000000001
1111600_K2RbGaCl6,16.2883,6.54075
1111963_Cs2RbScF6,29.7667,15.2975
864926_HfPaTc2,179.42700000000002,25.8855
573204_Cs2KBiF6,33.1606,15.4625
1111181_K3AsBr6,14.280999999999999,6.31286
15888_Ba2YIrO6,140.126,72.4304
1113345_Rb2AlHgCl6,22.9752,8.15603
24723_TaH2,206.282,48.7967
1112113_Cs2RbYBr6,12.4745,5.9086300000000005
1113578_Cs2AgAsBr6,23.1979,8.503789999999999
1111641_K2NaGaBr6,18.0357,6.25908
865501_V2TcRu,259.862,59.3353
1111096_NaLi2TiF6,53.8296,22.1063
1113550_Rb2InHgBr6,22.3123,4.0688699999999995
631277_SrCrW2,142.644,33.7214
569174_Li2MgSi,45.9793,39.1934
1112952_Cs3SbBr6,12.5993,4.82691
1114669_Rb2NaGaCl6,22.3159,11.8514
30482_Ca3Tl,62.7818,11.3045
1113451_Cs2ScAgBr6,23.6313,4.70787
862723_ScTc2Mo,208.15400000000002,65.6572
985806_Al2Cu,74.6328,39.1434
6204_Cs2NaScF6,39.9541,20.2519
865656_TiMn2W,241.96099999999998,109.374
570354_CuBr,39.4582,10.1605
999473_ZnN,179.757,19.4886
1113659_Rb2InAuI6,20.745,8.70578
867123_TaTiOs2,276.07099999999997,119.007
933_YAs,78.0705,56.153999999999996
1079163_Mg7Nb,51.4565,11.8526
1113047_Cs2KScBr6,15.5143,6.107559999999999
1014311_C3N,182.57299999999998,69.1875
3740_TiNi2Sn,166.505,38.7686
1078969_Ba2NbVO6,169.092,101.16
1079583_Rb2NaAlF6,46.284,27.6258
1112328_CsK2AlBr6,14.2697,4.44684
1111890_Na3IrF6,56.856,23.0321
1079615_Ba2UCdO6,102.391,44.8778
1113743_Rb2AlAgBr6,24.3474,7.848269999999999
989526_Cs2KTlF6,37.5223,15.759
1111501_K3AsF6,33.05,18.7317
1113321_Rb2InHgCl6,24.8244,5.56217
1080742_Sr2ZrCrO6,176.72,93.535
1114664_Rb3AsCl6,15.4726,8.24949
1112527_Cs2NaTlCl6,18.9979,9.38514
1112501_Cs2TlBiI6,11.769,5.5351300000000005
989608_Cs2NaAsCl6,19.3042,11.0027
1113401_CsRb2GaCl6,15.3263,5.50605
1113447_Cs2TaAgCl6,21.1612,5.54933
1111484_Rb2TlCuBr6,9.83272,10.7706
867109_ScZn2Ag,104.34299999999999,46.982
697030_Mg2H6Ru,77.9075,52.5392
1112940_Cs2AgSbCl6,24.5393,7.01594
977572_Hf2MnRh,183.405,82.507
1784_CsF,22.3301,10.9703
972961_Sc2NiRh,107.04799999999999,49.5032
1113805_Rb2AgBiBr6,22.2466,6.8654399999999995
861912_TaTiTc2,236.56799999999998,91.85799999999999
1111899_Li2GaCuF6,69.2152,4.74341
1114708_Rb2NaRuF6,44.8008,25.0602
865712_Ti2MnNi,174.56400000000002,72.6948
1113201_Cs2InGaCl6,19.9028,8.146360000000001
977568_ZrSnPd2,146.124,22.7983
1114389_Rb2InGaCl6,20.9752,6.68623
1113496_Cs3SbCl6,13.450999999999999,6.01206
23438_BaBiO3,111.87700000000001,63.2927
864661_ZnCuPd2,159.095,60.7582
1112403_Na2CuSbF6,61.9594,7.76277
1111679_K2YInCl6,18.0737,6.43395
1114697_Rb2LiAlF6,38.7028,23.5848
1114582_Rb2LiYBr6,17.3972,8.0991
1111288_Li3InCl6,22.378,9.630560000000001
862424_Sc2TcNi,112.21700000000001,59.2667
643101_Rb2H6Pt,14.6866,8.02715
570990_Cs2MoCl6,9.26223,5.5917699999999995
1111908_K2RbTlF6,33.3209,16.9944
9413_Ca2TiSiO6,202.165,125.354
865470_Ac2CuSn,43.1724,9.792539999999999
1112645_Cs3YBr6,11.8684,5.10933
1111133_K3GaBr6,15.9842,6.13854
971891_Zn2PdAu,130.743,30.8626
865278_NbAlOs2,265.20099999999996,133.929
1112490_Cs2TlInCl6,17.6479,6.855760000000001
1112997_Cs2NaAlCl6,19.0007,10.203
1114084_Rb2InCuF6,70.4748,8.322989999999999
865586_VGaRu2,243.734,111.133
755556_Ba6ZrO8,73.09899999999999,41.448
865512_YMgCd2,55.0951,32.9866
623134_ZrInCu2,104.956,47.6993
6058_K2NaScF6,48.8577,29.0117
16548_ZrTiF6,102.97399999999999,48.2239
20265_LiIn2Pt,89.1642,39.3279
20158_PbO2,142.279,45.1634
1079529_NaTeO6,23.4983,6.32724
977427_Zn2PtRh,174.859,68.6777
1111069_Li3PdF6,59.2843,4.652019999999999
972217_Ti2CuTc,153.334,45.5821
1079382_YMg7,36.184,16.413
38489_LiCo7O8,141.649,53.7675
1112515_Cs2RbLuCl6,15.4551,6.332669999999999
21175_TaGaNi2,183.33900000000003,47.6267
1112116_Cs2RbTlBr6,12.4534,5.40736
1112931_Cs2YAgI6,17.1875,5.58539
1113588_Cs2InAgF6,46.1086,14.1541
866274_CeCdHg2,61.0103,25.6057
1112187_K2InAsCl6,19.4666,9.53462
1112432_K2AsAuI6,22.2784,6.84559
11366_ZrZnCu2,160.516,37.6983
861604_Ca2TlPb,53.4077,5.3032900000000005
541852_Co21(ReB3)2,131.291,112.906
408_Mg2Ge,50.8782,41.9474
973434_Hf2IrRu,209.77900000000002,43.364
1110993_Na2TlCuBr6,17.4643,9.673860000000001
561738_Ba2NiMoO6,115.447,43.0766
1876_SnS,55.5376,31.5794
977162_NaTl2Pb,28.1288,7.83885
977443_ZrGeRu2,210.044,77.983
864639_Ta2NbOs,247.30900000000003,121.51799999999999
1111633_K2NaMoI6,15.6165,5.818630000000001
568512_Ba6Mg23,23.5482,11.8549
3657_TiCo2Si,182.571,25.5878
981_SrF2,69.8136,36.1586
1114432_Rb2LiYF6,37.0537,18.6238
1080738_Sn2MoOsO6,200.1,21.7232
31185_MnAlFe2,217.269,83.087
21235_Mn2VGa,221.18,103.022
31624_Sr2TaCrO6,184.09799999999998,100.514
976261_NaCa2In,36.2917,11.9198
5172_Zr2(Ni7B2)3,139.161,84.6595
1112321_CsK2GaCl6,15.3236,5.16981
30350_Li2AgSn,38.2009,17.2821
1113726_Rb2GaAgI6,19.3918,6.9446699999999995
1111238_K2NaBiBr6,14.2897,7.416930000000001
865795_LiSc2Ru,85.7337,39.7175
24227_H8Pt(NCl3)2,17.8522,7.2660100000000005
1782_ScSe,84.5728,10.9773
1007821_GaCo2Ni,205.18099999999998,77.6497
1112966_Cs3ScCl6,16.0642,6.76052
972899_Sc2GaIr,126.146,29.9005
866168_TiInPd2,126.286,36.6002
1111948_Na3AlCl6,23.4944,11.4031
1113742_Na2LiYCl6,22.9101,9.510489999999999
1112502_Cs2TlAsCl6,19.5582,8.58473
1111654_K2LiYCl6,22.2737,8.983460000000001
1111183_K3AlI6,11.6837,4.27789
10872_HfAlAu2,148.93,26.0929
1114422_Rb2LiMoBr6,21.6622,8.606630000000001
1114624_Rb3InBr6,13.7589,5.59178
865441_TiAlPd2,158.107,52.0966
989563_Rb2NaTlCl6,19.3789,8.626439999999999
1114337_Na2LiIrF6,62.7869,20.8445
989583_Rb2LiInCl6,20.9425,9.35458
1114067_Na2AlHgCl6,24.6415,4.617719999999999
1565_ZrO2,255.875,106.929
1315_MgS,75.57,52.0464
5478_TlPd3O4,143.661,40.9889
7187_TiAlNi2,195.128,34.312
977541_Hf2TcOs,208.079,99.5173
977534_ZrNbTc2,209.403,100.391
1111897_Na3SbCl6,21.1204,8.66953
1114362_Rb2NaAsCl6,21.584,10.2716
1113700_Rb2YAgCl6,24.7717,7.09427
864782_Ta2MoRu,255.825,112.735
1113045_Cs2KInI6,10.2689,4.49758
1113061_Cs2KAlBr6,14.9826,6.858280000000001
864970_MnSiTc2,267.161,30.3327
989547_Rb2NaInCl6,19.5962,10.79
557664_Cs2TlBiF6,39.7211,14.0069
1009730_Ca2Sn,29.6427,20.9879
636320_TiGaFe2,211.919,105.958
1113902_Na2LiSbF6,52.1771,19.7403
10891_MnAlPd2,174.39700000000002,29.8148
22899_LiI,22.2724,12.5668
1113530_Rb2AsAuI6,21.8073,6.7820800000000006
867769_ScZnRh2,158.946,65.3348
12087_Cu2S,80.2558,21.6684
1112156_Cs2YTlI6,12.2972,5.14605
862339_Sc2GaAg,82.6375,38.8063
1112979_Cs3BiCl6,12.8662,5.8191
1025456_CaZrF6,65.023,30.8449
979931_YNbRu2,172.329,62.4873
1114081_Rb2GaHgF6,40.6902,17.4065
8860_Na3As,23.3419,16.6281
865164_HfCdCu2,96.7136,43.5726
1078506_Pd(NCl3)2,37.5212,5.47505
867795_ScNbTc2,191.09400000000002,67.9987
1079901_Ba2CrMoO6,166.926,104.911
983123_HfMgAu2,130.595,25.9796
861878_Cd2AgRh,104.101,34.1385
22594_Ba2LuIrO6,119.978,78.8572
1114555_KRb2TlCl6,16.9969,7.338419999999999
1114392_Rb2InSbI6,12.6674,6.31723
1113448_Cs2ScAgF6,46.2437,14.0841
862258_Sc2ZnPt,125.955,43.5002
865127_NaTl2Cd,26.4169,12.9836
758835_Na(Cu3O4)2,118.259,38.8715
1112904_Cs2InHgCl6,23.3345,5.95575
1113371_Na3AsBr6,17.7678,7.83343
989566_Rb2InGaF6,45.7968,15.9744
1113099_Cs2InGaF6,29.9442,14.1293
1112586_Cs2AlInF6,42.1638,15.5175
1078552_Li2H6Pt,34.06,23.8793
1111048_Rb2IrAuF6,51.4559,6.39409
1111487_Na3YCl6,21.0971,9.68432
974611_RePb3,79.1541,6.0406699999999995
1112505_Cs2AlTlCl6,20.2913,8.944989999999999
1111142_NaLi2GaF6,53.6275,30.9738
1112104_K2AlAgBr6,25.0643,7.7573300000000005
560037_Rb2NaBiF6,42.7686,18.9907
864840_NbZnRu2,219.45,47.1495
989618_Cs2RbGaF6,35.2306,16.910999999999998
30592_CuNi2Sn,145.369,41.5064
1078138_Mg6V,42.1011,27.4548
865793_LiSc2Rh,86.6176,21.6026
1114581_Rb2LiTlBr6,17.0559,7.285660000000001
1113912_Na2LiInCl6,23.6938,9.7592
1111047_Rb2RhAuF6,51.0159,6.652710000000001
862361_Sc2NiOs,128.668,45.7551
925_VN,328.131,201.888
1114636_Rb3TlBr6,12.1379,4.94497
1113312_Na3InCl6,20.7563,9.42534
542728_Co21(B3Mo)2,64.7232,118.75200000000001
672661_GaFe3,221.94299999999998,65.2289
1111182_K3AsCl6,17.114,8.97948
1112327_CsK2AlCl6,15.5467,5.38122
5921_TaAlNi2,176.22799999999998,53.0727
1112171_KInBr3,17.143,6.66517
1111135_Na2CuBiBr6,33.7437,6.95458
22867_RbBr,9.7129,6.92255
1265_MgO,128.64700000000002,122.131
1063245_Sr2Rh,30.8107,15.3001
30555_TaGaCo2,205.55,53.0888
865731_Li2HgPd,57.614,30.8375
1114598_Rb2NaTaBr6,19.562,8.79405
971737_V2OsRu,272.433,89.4509
32548_BiO2,130.72899999999998,40.6309
1112054_CsK2AsCl6,14.419,6.791760000000001
1112438_K2AlAuI6,22.6422,7.0804100000000005
867958_TaInRu2,226.40099999999998,97.4661
1112933_Cs2TlAgI6,15.7576,4.99806
866088_Hf2CoTc,188.81400000000002,91.5227
6635_Ba2CaReO6,113.93,64.1494
690789_K3ReH6,25.0102,9.416
30044_Fe2CoGe,226.37900000000002,69.4281
1111553_NaLi2AlF6,59.5136,34.1549
570632_ScBi,57.9994,12.4179
1114396_Rb2TlInI6,12.0945,5.0767
1113806_Rb2AgBiCl6,23.4843,7.61065
864671_HfAlRh2,191.99,51.8252
1113467_Rb2PdAuF6,59.9429,18.2973
972183_ZrGaPd2,145.441,23.9792
504729_Cs2PdF6,19.4883,7.9824
5077_NaLi2Sb,31.1444,23.6965
1114363_Rb2NaAuF6,40.7271,7.60695
1960_Li2O,82.1509,69.3219
1113549_Rb2GaHgI6,18.0089,5.08335
1111543_Na2AgAsCl6,28.2127,8.77645
1111671_K2LiInF6,34.4034,22.7887
20463_CaPbF6,57.2798,27.6015
1111915_K2NaTlBr6,15.9294,7.44125
15724_KNa2Sb,19.4138,12.4518
1111459_K3InI6,10.664000000000001,3.9948900000000003
557938_HfVF6,107.77799999999999,47.7096
1111083_Na2InCuF6,67.2907,7.746389999999999
977580_MgSc2Al,68.0345,56.8328
999258_Sc2MnGe,119.492,28.5451
1111258_K2LiBiI6,14.9156,5.93342
1111164_K3ScCl6,18.6645,9.09543
1111490_K3InBr6,15.1071,5.9364
979289_TaW3,280.966,128.041
1111637_K2NaMoBr6,19.4969,6.01884
5159_LiGa2Pd,90.6469,19.5664
22903_RbI,9.35648,5.1948300000000005
979291_TaZnOs2,266.793,59.4121
1009756_Ca2Pb,27.5258,19.4886
979910_VCuRh2,205.486,20.9375
1113517_Cs2KAsF6,36.7385,17.6096
1078623_Zr2BIr6,274.95,147.033
989594_Cs2NaGaH6,23.5261,17.9253
867249_TaAlFe2,233.03099999999998,140.204
1113017_Cs2LiInCl6,19.6922,6.80359
1114688_Rb3AuF6,34.7989,5.14045
1055_CdSe,58.9277,22.7835
862555_LiY2Al,50.3877,31.0037
972396_Ti2MnRe,198.55900000000003,70.7283
20440_MnNi2Sn,181.61,22.285
11360_ScGaCu2,107.109,28.8491
31328_MnInPd2,154.696,24.5217
22029_MnNi2Ge,205.791,40.2391
1111576_K2TlInF6,37.5137,17.0335
989512_LiTl2InCl6,25.1916,11.1307
1132_CdO,127.477,38.3663
1113695_Rb2AgSbCl6,25.4322,7.37697
632724_ReH8(NCl3)2,25.5689,6.84496
1112646_Cs3YCl6,15.104000000000001,6.86308
1112984_Cs3AsBr6,12.6424,5.26317
1111124_K2RbSbF6,30.8521,15.1423
1114602_Rb2NaYCl6,20.3234,9.34689
1112681_Cs2LiLaCl6,17.4827,8.167489999999999
27632_K2TcCl6,13.024000000000001,6.137919999999999
1114610_Rb2TlSbI6,12.2963,5.5399199999999995
7251_Ba2YNbO6,135.121,80.5815
552200_Ba2TaBiO6,133.06,62.0105
1112177_CsTlBr3,15.4513,6.19561
865671_Y2ZnIn,62.6277,41.9916
1112676_Cs2LiSbCl6,20.3506,7.476839999999999
1111225_K2NaSbBr6,14.6321,7.507339999999999
27831_Rb2ZrCl6,13.6254,5.61725
3464_FeSiRu2,272.051,59.8262
1112661_Cs2NaBiBr6,15.2385,7.65992
866115_Be2PdRh,194.31799999999998,78.8363
571310_ZrInPt2,165.66400000000002,28.6174
1114394_Rb2ScInF6,40.4009,7.858169999999999
648_Na2S,29.8304,19.1154
1112616_Cs2AlHgCl6,21.2957,7.15735
1111651_K2NaAsCl6,21.9752,10.0651
1112484_Cs2ScTlI6,12.2575,5.42876
1113542_Cs2LuAgCl6,25.6286,6.86441
1113330_CsRb2YBr6,11.6884,4.74259
862669_BeFe2Si,234.03099999999998,128.903
1330_AlN,255.078,232.144
867258_LiZnPd2,108.745,49.6989
1112049_K2CuBiI6,9.8597,5.80159
862790_FeSiTc2,269.849,65.8852
1112893_Cs2InAsBr6,17.729,9.010539999999999
2664_TiO,227.08700000000002,109.46
1113876_Rb2AgRhF6,50.608999999999995,19.0468
984785_AcMg3,34.5064,20.2163
1113885_Na3AsF6,47.2796,24.1169
865494_V2CrRu,249.364,80.8027
1112760_Cs2KLuCl6,25.4388,8.216619999999999
1114575_Rb2LiSbBr6,15.7884,7.612239999999999
505537_Al3(Co10B3)2,208.463,104.596
23231_AgBr,38.5495,10.4443
1113424_Cs2AlAuBr6,26.0379,10.0153
1111200_K2TlAsI6,13.1204,5.9632
867207_Sr2HgPb,28.0725,23.0844
600125_HfInCu2,126.757,53.5839
1114619_Rb3BiCl6,13.6901,6.8140600000000004
1113712_Rb2AgPdF6,48.507,21.081
989572_Cs2NaCaF6,28.4692,13.9267
1111672_K2LiInCl6,21.9589,9.90372
1111545_Na2AlAgCl6,29.6956,7.60925
989523_Rb2NaAsF6,46.2172,23.6903
1112035_K2CuSbI6,20.3355,6.62822
1113283_Cs2InSbI6,12.669,6.59245
865385_V3Re,238.453,87.3238
34047_H(WO3)2,277.611,118.704
865497_V2ReOs,287.553,85.8716
1114388_Rb2InBiF6,34.1795,13.6179
4364_NbGaCo2,199.697,41.8468
867874_BeVRu2,250.983,47.876999999999995
1113279_Cs2InAsF6,32.3119,15.123
10302_Ba2ScIrO6,154.241,88.0816
983359_GaSi3,97.3986,152.072
838_Cu3Sn,108.742,23.1729
10492_Rb2SiF6,26.6136,10.487
1747_K2Te,11.5233,6.695869999999999
1111000_Na3TlF6,51.7604,22.0155
867137_ScVRu2,202.28,74.5608
1112002_Cs2TlGaCl6,19.1981,7.3228
631425_FeTc2Cl,198.18599999999998,99.2522
1111588_K2TlAsCl6,18.9534,8.98973
1113857_Rb2AlAgF6,48.5128,17.623
5778_AlVFe2,225.08599999999998,135.63
865522_YCdAu2,91.23200000000001,12.8987
862372_Sc2RuRh,142.243,53.0601
21301_ScInNi2,137.19799999999998,48.4656
1001602_B12W,239.391,112.546
862695_Al2CoRu,189.17700000000002,106.384
1025509_ZrZnF6,88.4644,37.304
862673_LiY2Ru,70.5534,10.7764
2647_Al2Au,101.72,34.7915
644092_Na2LiAlH6,36.5598,28.7757
1009582_NiC,259.95799999999997,37.278
865471_VGaTc2,234.878,76.3229
1111110_K2LiScF6,53.7474,27.7302
1078912_Sr2HfFeO6,174.808,101.443
1110630_Rb2LiNbF6,47.7129,14.1655
1113050_Cs2KGaCl6,17.6049,8.15816
1110636_Na3BiF6,44.7256,20.2493
866086_MgSiIr2,215.34099999999998,93.9789
865681_TiSiRu2,251.625,128.386
1114333_Na3RhF6,52.2738,28.8871
1112544_Cs2TlAsI6,12.8212,6.37991
867107_BeSiOs2,284.525,153.963
867135_ScZnPd2,118.205,14.1453
1112663_Cs2LiYI6,12.6806,6.0111300000000005
972877_Sc2AlIr,125.866,23.1184
541851_Ce2(Ni7B2)3,160.11700000000002,62.3521
867802_Sc2CuOs,126.333,57.1937
1113598_Rb2InCuCl6,15.8708,15.6775
1111920_K2NaAuF6,43.4547,6.1382
999508_MnSiNi2,230.73,48.8805
1112792_Cs2KAsBr6,13.5949,6.6444399999999995
24208_CrH2,201.87900000000002,100.06200000000001
1078594_Pt(I3N)2,29.0571,7.09501
1569_Be2C,201.261,232.179
1110640_K2InAsBr6,15.4943,8.493089999999999
2853_GaN,236.63299999999998,164.765
862423_Sc2TcPd,129.784,57.4924
1111074_Li3AsF6,58.8524,23.7086
1113384_Rb2GaHgBr6,23.4033,5.2838199999999995
1112793_Cs2KAsI6,10.5604,4.82155
1009078_CoN,297.328,78.9402
1095039_Sr2HfCrO6,179.521,101.014
1112690_Cs2KYCl6,16.8962,8.47862
23804_Mg2FeH6,78.6145,62.4742
865868_LiZrRh2,144.923,53.9266
998979_Ti3In,109.31700000000001,10.5496
1113347_CsRb2TlBr6,11.3562,4.27539
1112538_Cs2NaMoCl6,22.4861,10.6337
989592_Sr6Sn2NF,36.3893,26.368000000000002
1114561_Rb2LiBiBr6,15.6122,7.25558
1113004_Cs2LiScCl6,20.4664,6.990530000000001
867842_ScInRh2,148.833,69.22
865041_HfScRh2,168.842,67.9488
1112670_Cs2LiTlBr6,16.4745,6.651339999999999
